word,lists,seen_tokens,seen_articles,last_seen
a,NGSL;Spoken,0,0,
abandon,NGSL,0,0,
abdominal,NAWL,0,0,
ability,NGSL,0,0,
able,NGSL;Spoken,0,0,
abortion,NGSL,0,0,
about,NGSL;Spoken,2,1,2025-11-09T08:55:46+00:00
above,NGSL,0,0,
abroad,NGSL,0,0,
absence,NGSL,0,0,
absolute,NGSL,0,0,
absolutely,NGSL;Spoken,0,0,
absorb,NAWL,0,0,
absorption,NAWL,0,0,
abstract,NGSL,0,0,
abuse,NGSL,0,0,
academic,NGSL,0,0,
accelerate,NAWL,0,0,
acceleration,NAWL,0,0,
accent,NAWL,0,0,
accept,NGSL;Spoken,0,0,
acceptable,NGSL,0,0,
access,NGSL,0,0,
accident,NGSL,0,0,
accommodation,NGSL,0,0,
accompany,NGSL,0,0,
accomplish,NGSL,0,0,
accord,NGSL,0,0,
account,NGSL;Spoken,0,0,
accumulate,NAWL,0,0,
accumulation,NAWL,0,0,
accuracy,NAWL,0,0,
accurate,NGSL,0,0,
accurately,NAWL,0,0,
accuse,NGSL,0,0,
achieve,NGSL,0,0,
achievement,NGSL,0,0,
acid,NAWL,0,0,
acidic,NAWL,0,0,
acknowledge,NGSL,0,0,
acquire,NGSL,0,0,
acquisition,NGSL,0,0,
across,NGSL;Spoken,0,0,
act,NGSL,0,0,
action,NGSL;Spoken,0,0,
activate,NAWL,0,0,
active,NGSL,0,0,
actively,NAWL,0,0,
activity,NGSL,0,0,
actor,NGSL,0,0,
actual,NGSL,0,0,
actually,NGSL;Spoken,0,0,
acute,NAWL,0,0,
ad,NGSL,0,0,
adapt,NGSL,0,0,
adaptation,NAWL,0,0,
adaptive,NAWL,0,0,
add,NGSL;Spoken,0,0,
addition,NGSL,0,0,
additional,NGSL,0,0,
address,NGSL;Spoken,0,0,
adequate,NGSL,0,0,
adjacent,NAWL,0,0,
adjust,NGSL,0,0,
adjustment,NGSL,0,0,
administration,NGSL,0,0,
admire,NGSL,0,0,
admission,NAWL,0,0,
admit,NGSL,0,0,
adolescent,NAWL,0,0,
adopt,NGSL,0,0,
adult,NGSL,0,0,
advance,NGSL,0,0,
advantage,NGSL,0,0,
adventure,NGSL,0,0,
adverse,NAWL,0,0,
advertise,NGSL,0,0,
advertisement,NGSL,0,0,
advice,NGSL,0,0,
advise,NGSL,0,0,
adviser,NGSL,0,0,
advocate,NGSL,0,0,
aerosol,NAWL,0,0,
aesthetic,NAWL,0,0,
affair,NGSL,0,0,
affect,NGSL;Spoken,0,0,
affirm,NAWL,0,0,
afford,NGSL,0,0,
afraid,NGSL,0,0,
after,NGSL;Spoken,1,1,2025-11-09T08:55:46+00:00
afternoon,NGSL;Spoken,0,0,
afterward,NAWL,0,0,
again,NGSL;Spoken,0,0,
against,NGSL;Spoken,0,0,
age,NGSL;Spoken,0,0,
agency,NGSL,0,0,
agenda,NGSL,0,0,
agent,NGSL,0,0,
aggregate,NAWL,0,0,
aggressive,NGSL,0,0,
ago,NGSL;Spoken,0,0,
agree,NGSL;Spoken,0,0,
agreement,NGSL,0,0,
agricultural,NGSL,0,0,
agriculture,NAWL,0,0,
ahead,NGSL;Spoken,0,0,
aid,NGSL,0,0,
aim,NGSL,0,0,
air,NGSL;Spoken,0,0,
aircraft,NGSL,0,0,
airline,NGSL,0,0,
airplane,NAWL,0,0,
alarm,NGSL,0,0,
album,NGSL,0,0,
alcohol,NGSL,0,0,
algebra,NAWL,0,0,
algorithm,NAWL,0,0,
alien,NAWL,0,0,
alive,NGSL,0,0,
all,NGSL;Spoken,0,0,
allege,NGSL,0,0,
alliance,NAWL,0,0,
allocate,NAWL,0,0,
allocation,NAWL,0,0,
allow,NGSL;Spoken,0,0,
ally,NGSL,0,0,
almost,NGSL;Spoken,0,0,
alone,NGSL,0,0,
along,NGSL;Spoken,0,0,
alongside,NGSL,0,0,
already,NGSL;Spoken,0,0,
alright,NGSL;Spoken,0,0,
also,NGSL;Spoken,1,1,2025-11-09T08:55:46+00:00
alter,NGSL,0,0,
alternative,NGSL,0,0,
although,NGSL;Spoken,0,0,
altitude,NAWL,0,0,
altogether,NGSL,0,0,
aluminum,NAWL,0,0,
always,NGSL;Spoken,0,0,
amaze,NGSL,0,0,
amendment,NGSL,0,0,
amino,NAWL,0,0,
among,NGSL,0,0,
amongst,NAWL,0,0,
amount,NGSL;Spoken,0,0,
amplitude,NAWL,0,0,
analogy,NAWL,0,0,
analysis,NGSL,0,0,
analyst,NGSL,0,0,
analyze,NGSL,0,0,
ancestor,NAWL,0,0,
ancient,NGSL,0,0,
and,NGSL;Spoken,0,0,
anger,NGSL,0,0,
angle,NGSL,0,0,
angry,NGSL,0,0,
animal,NGSL,0,0,
announce,NGSL,0,0,
announcement,NGSL,0,0,
annual,NGSL,0,0,
another,NGSL;Spoken,0,0,
answer,NGSL;Spoken,0,0,
anthropology,NAWL,0,0,
anti,NAWL,0,0,
antibiotic,NAWL,0,0,
antibody,NAWL,0,0,
anticipate,NGSL,0,0,
antiquity,NAWL,0,0,
anxiety,NGSL,0,0,
anxious,NGSL,0,0,
any,NGSL;Spoken,0,0,
anybody,NGSL;Spoken,0,0,
anymore,NGSL,0,0,
anyone,NGSL;Spoken,0,0,
anything,NGSL;Spoken,0,0,
anyway,NGSL;Spoken,0,0,
anywhere,NGSL,0,0,
apart,NGSL,0,0,
apartment,NGSL,0,0,
apologize,NGSL,0,0,
apparent,NGSL,0,0,
apparently,NGSL,0,0,
appeal,NGSL,0,0,
appear,NGSL,0,0,
appearance,NGSL,0,0,
appendix,NAWL,0,0,
applause,NAWL,0,0,
apple,NAWL,0,0,
application,NGSL,0,0,
apply,NGSL;Spoken,0,0,
appoint,NGSL,0,0,
appointment,NGSL,0,0,
appreciate,NGSL,0,0,
approach,NGSL,0,0,
appropriate,NGSL,0,0,
approval,NGSL,0,0,
approve,NGSL,0,0,
approximate,NAWL,0,0,
approximately,NGSL,0,0,
approximation,NAWL,0,0,
arbitrary,NAWL,0,0,
archaeology,NAWL,0,0,
architect,NAWL,0,0,
architecture,NGSL,0,0,
area,NGSL;Spoken,0,0,
argue,NGSL,0,0,
argument,NGSL,0,0,
arise,NGSL,0,0,
arm,NGSL,0,0,
army,NGSL,0,0,
around,NGSL;Spoken,0,0,
arrange,NGSL,0,0,
arrangement,NGSL,0,0,
array,NAWL,0,0,
arrest,NGSL,0,0,
arrival,NGSL,0,0,
arrive,NGSL,0,0,
arrow,NAWL,0,0,
art,NGSL,0,0,
article,NGSL,0,0,
articulate,NAWL,0,0,
artifact,NAWL,0,0,
artificial,NAWL,0,0,
artist,NGSL,0,0,
artistic,NAWL,0,0,
artwork,NAWL,0,0,
as,NGSL;Spoken,0,0,
ashamed,NGSL,0,0,
aside,NGSL,0,0,
ask,NGSL;Spoken,0,0,
aspect,NAWL,0,0,
assembly,NAWL,0,0,
assert,NAWL,0,0,
assess,NGSL,0,0,
assessment,NGSL,0,0,
asset,NGSL,0,0,
assign,NGSL,0,0,
assignment,NAWL,0,0,
assist,NGSL,0,0,
assistance,NGSL,0,0,
assistant,NGSL,0,0,
associate,NGSL,0,0,
association,NGSL,0,0,
assume,NGSL,0,0,
assumption,NGSL,0,0,
assure,NGSL,0,0,
at,NGSL;Spoken,0,0,
athlete,NGSL,0,0,
athletic,NAWL,0,0,
atmosphere,NGSL,0,0,
atom,NAWL,0,0,
atomic,NAWL,0,0,
attach,NGSL,0,0,
attachment,NGSL,0,0,
attack,NGSL,0,0,
attempt,NGSL,0,0,
attend,NGSL,0,0,
attendance,NGSL,0,0,
attention,NGSL,0,0,
attitude,NGSL,0,0,
attract,NGSL,0,0,
attraction,NGSL,0,0,
attractive,NGSL,0,0,
attribute,NGSL,0,0,
auction,NAWL,0,0,
audience,NGSL,0,0,
audio,NAWL,0,0,
audit,NAWL,0,0,
aunt,NGSL,0,0,
author,NGSL,0,0,
authority,NAWL,0,0,
automatically,NGSL,0,0,
autonomy,NAWL,0,0,
autumn,NGSL,0,0,
availability,NAWL,0,0,
available,NGSL;Spoken,0,0,
average,NGSL,0,0,
avoid,NGSL,0,0,
award,NGSL,0,0,
aware,NGSL;Spoken,0,0,
awareness,NGSL,0,0,
away,NGSL;Spoken,0,0,
awful,NGSL;Spoken,0,0,
axiom,NAWL,0,0,
axis,NAWL,0,0,
baby,NGSL;Spoken,0,0,
back,NGSL;Spoken,0,0,
background,NGSL,0,0,
backward,NAWL,0,0,
bacteria,NAWL,0,0,
bacterial,NAWL,0,0,
bad,NGSL;Spoken,0,0,
badly,NGSL,0,0,
bag,NGSL;Spoken,0,0,
balance,NGSL,0,0,
ball,NGSL,0,0,
ban,NGSL,0,0,
band,NGSL,0,0,
bang,NAWL,0,0,
bank,NGSL,0,0,
bar,NGSL,0,0,
barely,NGSL,0,0,
bargain,NAWL,0,0,
barrel,NAWL,0,0,
barrier,NGSL,0,0,
base,NGSL;Spoken,0,0,
basic,NGSL,0,0,
basically,NGSL;Spoken,0,0,
basin,NAWL,0,0,
basis,NGSL,0,0,
bat,NAWL,0,0,
bath,NGSL,0,0,
battle,NGSL,0,0,
be,NGSL;Spoken,0,0,
beach,NGSL,0,0,
beam,NAWL,0,0,
bear,NGSL;Spoken,0,0,
beat,NGSL,0,0,
beautiful,NGSL,0,0,
beauty,NGSL,0,0,
because,NGSL;Spoken,0,0,
become,NGSL;Spoken,1,1,2025-11-09T08:55:46+00:00
bed,NGSL;Spoken,0,0,
bedroom,NGSL,0,0,
beer,NGSL,0,0,
before,NGSL;Spoken,0,0,
begin,NGSL;Spoken,0,0,
behave,NGSL,0,0,
behavior,NGSL,0,0,
behavioral,NAWL,0,0,
behind,NGSL;Spoken,0,0,
belief,NGSL,0,0,
believe,NGSL;Spoken,0,0,
bell,NGSL,0,0,
belong,NGSL,0,0,
below,NGSL,0,0,
belt,NGSL,0,0,
bend,NGSL,0,0,
beneath,NGSL,0,0,
benefit,NGSL;Spoken,0,0,
beside,NGSL,0,0,
besides,NGSL,0,0,
bet,NGSL;Spoken,0,0,
between,NGSL;Spoken,0,0,
beyond,NGSL,0,0,
bias,NGSL,0,0,
bid,NGSL,0,0,
big,NGSL;Spoken,1,1,2025-11-09T08:55:46+00:00
bike,NGSL,0,0,
bilingual,NAWL,0,0,
bill,NGSL;Spoken,0,0,
bin,NGSL,0,0,
binary,NAWL,0,0,
bind,NGSL,0,0,
biodiversity,NAWL,0,0,
biological,NGSL,0,0,
biologist,NAWL,0,0,
biology,NAWL,0,0,
bird,NGSL,0,0,
birth,NGSL,0,0,
bit,NGSL;Spoken,0,0,
bite,NGSL,0,0,
bizarre,NAWL,0,0,
black,NGSL;Spoken,0,0,
blame,NGSL,0,0,
blank,NAWL,0,0,
bleed,NAWL,0,0,
bless,NGSL,0,0,
blind,NGSL,0,0,
block,NGSL,0,0,
blog,NGSL,0,0,
blood,NGSL,0,0,
bloody,NGSL;Spoken,0,0,
blow,NGSL,0,0,
blue,NGSL,0,0,
board,NGSL;Spoken,0,0,
boat,NGSL,0,0,
bodily,NAWL,0,0,
body,NGSL;Spoken,0,0,
bomb,NGSL,0,0,
bond,NGSL,0,0,
bone,NGSL,0,0,
bonus,NAWL,0,0,
book,NGSL;Spoken,0,0,
boom,NGSL,0,0,
boost,NGSL,0,0,
boot,NGSL,0,0,
border,NGSL,0,0,
bore,NGSL,0,0,
borrow,NGSL,0,0,
boss,NGSL,0,0,
both,NGSL;Spoken,0,0,
bother,NGSL;Spoken,0,0,
bottle,NGSL,0,0,
bottom,NGSL;Spoken,0,0,
bound,NAWL,0,0,
boundary,NGSL,0,0,
bowl,NGSL,0,0,
box,NGSL;Spoken,0,0,
boy,NGSL;Spoken,0,0,
bracket,NAWL,0,0,
brain,NGSL,0,0,
branch,NGSL,0,0,
brand,NGSL,0,0,
bread,NGSL,0,0,
break,NGSL;Spoken,0,0,
breakdown,NAWL,0,0,
breakfast,NGSL,0,0,
breast,NGSL,0,0,
breath,NGSL;Spoken,0,0,
breathe,NGSL,0,0,
breed,NGSL,0,0,
bridge,NGSL,0,0,
brief,NGSL;Spoken,1,1,2025-11-09T08:55:46+00:00
briefly,NGSL,0,0,
bright,NGSL,0,0,
brilliant,NGSL,0,0,
bring,NGSL;Spoken,0,0,
broad,NGSL,0,0,
broadcast,NGSL,0,0,
broadly,NAWL,0,0,
brother,NGSL;Spoken,0,0,
brown,NGSL,0,0,
browne,NAWL,0,0,
brush,NGSL,0,0,
bubble,NAWL,0,0,
bucket,NAWL,0,0,
budget,NGSL;Spoken,0,0,
build,NGSL;Spoken,0,0,
bulk,NAWL,0,0,
bullet,NAWL,0,0,
bunch,NGSL,0,0,
bundle,NAWL,0,0,
burden,NGSL,0,0,
burn,NGSL,0,0,
burst,NGSL,0,0,
bury,NGSL,0,0,
bus,NGSL;Spoken,0,0,
business,NGSL;Spoken,0,0,
busy,NGSL,0,0,
but,NGSL;Spoken,0,0,
button,NGSL,0,0,
buy,NGSL;Spoken,0,0,
buyer,NGSL,0,0,
by,NGSL;Spoken,0,0,
cable,NGSL,0,0,
cake,NGSL,0,0,
calcium,NAWL,0,0,
calculate,NGSL,0,0,
calculation,NAWL,0,0,
calculator,NAWL,0,0,
calculus,NAWL,0,0,
call,NGSL;Spoken,0,0,
calm,NGSL,0,0,
camera,NGSL,0,0,
camp,NGSL,0,0,
campaign,NGSL,0,0,
campus,NAWL,0,0,
can,NGSL;Spoken,0,0,
cancel,NGSL,0,0,
cancer,NGSL,0,0,
candidate,NGSL,0,0,
cap,NGSL,0,0,
capability,NGSL,0,0,
capable,NGSL,0,0,
capacity,NGSL,0,0,
capillary,NAWL,0,0,
capital,NGSL,0,0,
capitalism,NAWL,0,0,
capitalist,NAWL,0,0,
capture,NGSL,0,0,
car,NGSL;Spoken,0,0,
carbon,NGSL,0,0,
card,NGSL;Spoken,0,0,
care,NGSL;Spoken,0,0,
career,NGSL,0,0,
careful,NGSL,0,0,
carefully,NGSL,0,0,
carpet,NGSL,0,0,
carrier,NAWL,0,0,
carry,NGSL;Spoken,0,0,
case,NGSL;Spoken,0,0,
cash,NGSL,0,0,
cast,NGSL,0,0,
castle,NGSL,0,0,
cat,NGSL,0,0,
catalog,NGSL,0,0,
catch,NGSL;Spoken,0,0,
category,NGSL,0,0,
cattle,NAWL,0,0,
cause,NGSL;Spoken,0,0,
celebrate,NGSL,0,0,
celebration,NGSL,0,0,
cell,NGSL,0,0,
censor,NAWL,0,0,
cent,NGSL,0,0,
center,NGSL;Spoken,0,0,
central,NGSL,0,0,
century,NGSL,0,0,
ceremony,NGSL,0,0,
certain,NGSL;Spoken,0,0,
certainly,NGSL;Spoken,0,0,
chain,NGSL,0,0,
chair,NGSL,0,0,
chairman,NGSL,0,0,
challenge,NGSL,0,0,
chamber,NGSL,0,0,
champion,NGSL,0,0,
championship,NGSL,0,0,
chance,NGSL;Spoken,0,0,
change,NGSL;Spoken,0,0,
channel,NGSL,0,0,
chapter,NGSL,0,0,
character,NGSL,0,0,
characteristic,NGSL,0,0,
characterization,NAWL,0,0,
characterize,NGSL,0,0,
charge,NGSL;Spoken,0,0,
charity,NGSL,0,0,
charm,NGSL,0,0,
chart,NGSL,0,0,
chase,NGSL,0,0,
chat,NGSL,0,0,
cheap,NGSL;Spoken,0,0,
cheat,NAWL,0,0,
check,NGSL;Spoken,0,0,
cheek,NGSL,0,0,
cheer,NAWL,0,0,
cheese,NGSL,0,0,
chemical,NGSL,0,0,
chemistry,NAWL,0,0,
chemotherapy,NAWL,0,0,
chess,NAWL,0,0,
chest,NGSL,0,0,
chicken,NGSL,0,0,
chief,NGSL,0,0,
child,NGSL;Spoken,0,0,
childhood,NGSL,0,0,
chip,NGSL,0,0,
chloride,NAWL,0,0,
chocolate,NGSL,0,0,
choice,NGSL;Spoken,0,0,
choose,NGSL;Spoken,0,0,
chromosome,NAWL,0,0,
chronic,NAWL,0,0,
chunk,NAWL,0,0,
church,NGSL;Spoken,0,0,
cigarette,NGSL,0,0,
cinema,NAWL,0,0,
circa,NAWL,0,0,
circle,NGSL,0,0,
circulate,NAWL,0,0,
circulation,NAWL,0,0,
circumstance,NGSL,0,0,
cite,NGSL,0,0,
citizen,NGSL,0,0,
city,NGSL;Spoken,0,0,
civil,NGSL,0,0,
civilian,NGSL,0,0,
civilization,NAWL,0,0,
claim,NGSL,0,0,
clarify,NAWL,0,0,
class,NGSL;Spoken,0,0,
classic,NGSL,0,0,
classical,NGSL,0,0,
classification,NAWL,0,0,
classify,NAWL,0,0,
classroom,NAWL,0,0,
clause,NGSL,0,0,
clay,NAWL,0,0,
clean,NGSL;Spoken,0,0,
clear,NGSL;Spoken,1,1,2025-11-09T08:55:46+00:00
clearly,NGSL,0,0,
clever,NAWL,0,0,
click,NGSL,0,0,
client,NAWL,0,0,
climate,NGSL,0,0,
climb,NGSL,0,0,
clinic,NAWL,0,0,
clinical,NGSL,0,0,
clip,NAWL,0,0,
clock,NGSL;Spoken,0,0,
clone,NAWL,0,0,
close,NGSL;Spoken,0,0,
closely,NGSL,0,0,
closure,NAWL,0,0,
clothes,NGSL,0,0,
clothing,NGSL,0,0,
cloud,NGSL,0,0,
club,NGSL,0,0,
clue,NAWL,0,0,
cluster,NGSL,0,0,
coach,NGSL,0,0,
coal,NGSL,0,0,
coast,NGSL,0,0,
coat,NGSL,0,0,
code,NGSL,0,0,
coefficient,NAWL,0,0,
coffee,NGSL,0,0,
cognitive,NAWL,0,0,
coherent,NAWL,0,0,
coin,NGSL,0,0,
cold,NGSL;Spoken,0,0,
collapse,NGSL,0,0,
colleague,NGSL,0,0,
collect,NGSL,0,0,
collection,NGSL,0,0,
collective,NAWL,0,0,
college,NGSL;Spoken,0,0,
colonial,NAWL,0,0,
colony,NAWL,0,0,
color,NGSL;Spoken,0,0,
column,NGSL,0,0,
combination,NGSL,0,0,
combine,NGSL,0,0,
come,NGSL;Spoken,0,0,
comedy,NGSL,0,0,
comfort,NGSL,0,0,
comfortable,NGSL,0,0,
comma,NAWL,0,0,
command,NGSL,0,0,
comment,NGSL;Spoken,0,0,
commentary,NAWL,0,0,
commercial,NGSL,0,0,
commission,NGSL,0,0,
commit,NGSL,0,0,
commitment,NGSL,0,0,
committee,NGSL;Spoken,0,0,
commodity,NAWL,0,0,
common,NGSL,0,0,
commonly,NAWL,0,0,
communicate,NGSL,0,0,
communication,NGSL,0,0,
communicative,NAWL,0,0,
communist,NAWL,0,0,
community,NGSL;Spoken,0,0,
compact,NAWL,0,0,
company,NGSL;Spoken,1,1,2025-11-09T08:55:46+00:00
comparable,NAWL,0,0,
comparative,NAWL,0,0,
compare,NGSL,0,0,
comparison,NGSL,0,0,
compensate,NAWL,0,0,
compensation,NGSL,0,0,
compete,NGSL,0,0,
competence,NAWL,0,0,
competent,NAWL,0,0,
competition,NGSL,0,0,
competitive,NGSL,0,0,
competitor,NGSL,0,0,
complain,NGSL,0,0,
complaint,NGSL,0,0,
complement,NAWL,0,0,
complete,NGSL,0,0,
completely,NGSL;Spoken,0,0,
complex,NGSL,0,0,
complexity,NGSL,0,0,
complicate,NGSL,0,0,
complication,NAWL,0,0,
comply,NAWL,0,0,
component,NGSL,0,0,
compose,NGSL,0,0,
composer,NAWL,0,0,
composite,NAWL,0,0,
composition,NGSL,0,0,
compound,NGSL,0,0,
comprehension,NAWL,0,0,
comprehensive,NGSL,0,0,
comprise,NGSL,0,0,
compromise,NGSL,0,0,
computation,NAWL,0,0,
compute,NGSL,0,0,
computer,NGSL;Spoken,0,0,
conceive,NAWL,0,0,
concentrate,NGSL,0,0,
concentration,NGSL,0,0,
concept,NGSL,0,0,
conception,NAWL,0,0,
conceptual,NAWL,0,0,
concern,NGSL;Spoken,0,0,
concert,NGSL,0,0,
conclude,NGSL,0,0,
conclusion,NGSL,0,0,
concrete,NGSL,0,0,
condition,NGSL,0,0,
conditional,NAWL,0,0,
conduct,NGSL,0,0,
conduction,NAWL,0,0,
cone,NAWL,0,0,
conference,NGSL,1,1,2025-11-09T08:55:46+00:00
confidence,NGSL,0,0,
confident,NGSL,0,0,
configuration,NAWL,0,0,
confine,NAWL,0,0,
confirm,NGSL,0,0,
conflict,NGSL,0,0,
confound,NAWL,0,0,
confuse,NGSL,0,0,
confusion,NGSL,0,0,
congruent,NAWL,0,0,
connect,NGSL,0,0,
connection,NGSL,0,0,
connector,NAWL,0,0,
connotation,NAWL,0,0,
conscious,NAWL,0,0,
consciousness,NAWL,0,0,
consensus,NAWL,0,0,
consent,NAWL,0,0,
consequence,NGSL,0,0,
consequently,NGSL,0,0,
conservation,NAWL,0,0,
conservative,NGSL,0,0,
conserve,NAWL,0,0,
consider,NGSL;Spoken,0,0,
considerable,NGSL,0,0,
consideration,NGSL,0,0,
consist,NGSL,0,0,
consistent,NGSL,0,0,
consonant,NAWL,0,0,
constant,NGSL,0,0,
constantly,NGSL,0,0,
constitute,NGSL,0,0,
constitution,NAWL,0,0,
constrain,NAWL,0,0,
constraint,NGSL,0,0,
construct,NGSL,0,0,
construction,NGSL,0,0,
consult,NGSL,0,0,
consultant,NGSL,0,0,
consultation,NAWL,0,0,
consume,NGSL,0,0,
consumer,NGSL,0,0,
consumption,NAWL,0,0,
contact,NGSL;Spoken,0,0,
contain,NGSL,0,0,
container,NAWL,0,0,
contemporary,NGSL,0,0,
content,NGSL,0,0,
contest,NGSL,0,0,
context,NGSL,0,0,
continent,NAWL,0,0,
continue,NGSL;Spoken,0,0,
continuity,NAWL,0,0,
continuous,NGSL,0,0,
contour,NAWL,0,0,
contract,NGSL,0,0,
contradict,NAWL,0,0,
contradiction,NAWL,0,0,
contradictory,NAWL,0,0,
contrary,NAWL,0,0,
contrast,NGSL,0,0,
contribute,NGSL,0,0,
contribution,NGSL,0,0,
control,NGSL;Spoken,1,1,2025-11-09T08:55:46+00:00
controversial,NGSL,0,0,
controversy,NAWL,0,0,
convention,NGSL,0,0,
conventional,NGSL,0,0,
converge,NAWL,0,0,
convergence,NAWL,0,0,
conversation,NGSL;Spoken,0,0,
convert,NGSL,0,0,
convince,NGSL,0,0,
cook,NGSL,0,0,
cool,NGSL;Spoken,0,0,
cooperation,NGSL,0,0,
coordinate,NAWL,0,0,
coordination,NAWL,0,0,
cope,NGSL,0,0,
copy,NGSL;Spoken,0,0,
cord,NAWL,0,0,
core,NGSL,0,0,
corner,NGSL,0,0,
coronary,NAWL,0,0,
corporate,NGSL,0,0,
corporation,NGSL,0,0,
corpus,NAWL,0,0,
correct,NGSL;Spoken,0,0,
correction,NAWL,0,0,
correctly,NAWL,0,0,
correlate,NAWL,0,0,
correlation,NAWL,0,0,
correspond,NGSL,0,0,
correspondence,NAWL,0,0,
corruption,NAWL,0,0,
cortex,NAWL,0,0,
cost,NGSL;Spoken,0,0,
cough,NGSL;Spoken,0,0,
could,NGSL;Spoken,0,0,
council,NGSL;Spoken,0,0,
counsel,NGSL,0,0,
count,NGSL,0,0,
counter,NGSL,0,0,
country,NGSL;Spoken,0,0,
county,NGSL,0,0,
couple,NGSL;Spoken,0,0,
course,NGSL;Spoken,0,0,
court,NGSL,0,0,
cousin,NGSL,0,0,
cover,NGSL;Spoken,0,0,
coverage,NGSL,0,0,
cow,NGSL,0,0,
crack,NGSL,0,0,
craft,NGSL,0,0,
crash,NGSL,0,0,
crazy,NGSL,0,0,
cream,NGSL,0,0,
create,NGSL;Spoken,0,0,
creation,NGSL,0,0,
creative,NGSL,0,0,
creature,NGSL,0,0,
credibility,NAWL,0,0,
credit,NGSL,0,0,
crew,NGSL,0,0,
crime,NGSL,0,0,
criminal,NGSL,0,0,
crisis,NGSL,0,0,
criteria,NGSL,0,0,
critic,NGSL,0,0,
critical,NGSL,0,0,
critically,NAWL,0,0,
criticism,NGSL,0,0,
criticize,NGSL,0,0,
critique,NAWL,0,0,
crop,NGSL,0,0,
cross,NGSL,0,0,
crowd,NGSL,0,0,
crucial,NGSL,0,0,
crude,NAWL,0,0,
cry,NGSL,0,0,
crystal,NAWL,0,0,
cue,NAWL,0,0,
cultural,NGSL,0,0,
culture,NGSL,0,0,
cup,NGSL,0,0,
cure,NAWL,0,0,
curious,NGSL,0,0,
currency,NGSL,0,0,
current,NGSL,0,0,
currently,NGSL,0,0,
curriculum,NAWL,0,0,
curtain,NGSL,0,0,
curve,NGSL,0,0,
custom,NGSL,0,0,
customer,NGSL,0,0,
cut,NGSL;Spoken,0,0,
cycle,NGSL,0,0,
cyclic,NAWL,0,0,
cylinder,NAWL,0,0,
dad,NGSL;Spoken,0,0,
daily,NGSL,0,0,
damage,NGSL,0,0,
damn,NGSL,0,0,
damp,NAWL,0,0,
dance,NGSL,0,0,
danger,NGSL,0,0,
dangerous,NGSL,0,0,
dare,NGSL,0,0,
dark,NGSL,0,0,
darkness,NGSL,0,0,
data,NGSL,0,0,
database,NGSL,0,0,
date,NGSL;Spoken,0,0,
daughter,NGSL,0,0,
day,NGSL;Spoken,1,1,2025-11-09T08:55:46+00:00
dead,NGSL,0,0,
deadline,NAWL,0,0,
deal,NGSL;Spoken,0,0,
dealer,NGSL,0,0,
dear,NGSL;Spoken,0,0,
death,NGSL,0,0,
debate,NGSL,0,0,
debt,NGSL,0,0,
decade,NGSL,0,0,
decay,NAWL,0,0,
deceive,NAWL,0,0,
decide,NGSL;Spoken,0,0,
decision,NGSL;Spoken,0,0,
declare,NGSL,0,0,
decline,NGSL,0,0,
decrease,NGSL,0,0,
dedicate,NGSL,0,0,
deep,NGSL,0,0,
deeply,NGSL,0,0,
defeat,NGSL,0,0,
defect,NAWL,0,0,
defend,NGSL,0,0,
defense,NGSL,0,0,
deficiency,NAWL,0,0,
deficit,NGSL,0,0,
define,NGSL,0,0,
definite,NAWL,0,0,
definitely,NGSL;Spoken,0,0,
definition,NGSL,0,0,
deflection,NAWL,0,0,
degrade,NAWL,0,0,
degree,NGSL;Spoken,0,0,
delay,NGSL,0,0,
deliberately,NAWL,0,0,
delight,NGSL,0,0,
deliver,NGSL,0,0,
delivery,NGSL,0,0,
delta,NAWL,0,0,
demand,NGSL,0,0,
democracy,NGSL,0,0,
democratic,NGSL,1,1,2025-11-09T08:55:46+00:00
demonstrate,NGSL,0,0,
demonstration,NGSL,0,0,
demonstrator,NAWL,0,0,
denominator,NAWL,0,0,
denote,NAWL,0,0,
dense,NAWL,0,0,
density,NGSL,0,0,
deny,NGSL,0,0,
department,NGSL,0,0,
depend,NGSL;Spoken,0,0,
dependence,NAWL,0,0,
dependent,NGSL,0,0,
depict,NAWL,0,0,
deposit,NGSL,0,0,
depress,NGSL,0,0,
depression,NGSL,0,0,
depth,NGSL,0,0,
derivative,NAWL,0,0,
derive,NGSL,0,0,
descendent,NAWL,0,0,
describe,NGSL,0,0,
description,NGSL,0,0,
descriptor,NAWL,0,0,
desert,NGSL,0,0,
deserve,NGSL,0,0,
design,NGSL,0,0,
designer,NGSL,0,0,
desire,NGSL,0,0,
desk,NGSL,0,0,
despite,NGSL,0,0,
destination,NAWL,0,0,
destroy,NGSL,0,0,
destruction,NGSL,0,0,
detail,NGSL;Spoken,0,0,
detect,NGSL,0,0,
detection,NAWL,0,0,
determination,NGSL,0,0,
determine,NGSL,0,0,
develop,NGSL;Spoken,0,0,
development,NGSL;Spoken,0,0,
developmental,NAWL,0,0,
deviation,NAWL,0,0,
device,NGSL,0,0,
devote,NGSL,0,0,
diagnose,NAWL,0,0,
diagnosis,NAWL,0,0,
diagnostic,NAWL,0,0,
diagram,NAWL,0,0,
dialect,NAWL,0,0,
dialog,NGSL,0,0,
diameter,NAWL,0,0,
diary,NAWL,0,0,
dictate,NAWL,0,0,
dictionary,NAWL,0,0,
die,NGSL;Spoken,0,0,
diet,NGSL,0,0,
differ,NGSL,0,0,
difference,NGSL;Spoken,0,0,
different,NGSL;Spoken,0,0,
differential,NAWL,0,0,
differentiate,NAWL,0,0,
differentiation,NAWL,0,0,
differently,NGSL,0,0,
difficult,NGSL;Spoken,0,0,
difficulty,NGSL,0,0,
diffusion,NAWL,0,0,
dig,NGSL,0,0,
digital,NGSL,3,1,2025-11-09T08:55:46+00:00
dilemma,NAWL,0,0,
dilute,NAWL,0,0,
dimension,NGSL,0,0,
dimensional,NAWL,0,0,
dinner,NGSL;Spoken,0,0,
dioxide,NAWL,0,0,
direct,NGSL,0,0,
direction,NGSL,0,0,
directive,NAWL,0,0,
directly,NGSL,0,0,
director,NGSL,0,0,
dirty,NGSL,0,0,
disability,NAWL,0,0,
disadvantage,NAWL,0,0,
disagree,NGSL,0,0,
disappear,NGSL,0,0,
disappoint,NGSL,0,0,
disaster,NGSL,0,0,
discharge,NAWL,0,0,
discipline,NGSL,0,0,
discount,NGSL,0,0,
discourse,NAWL,0,0,
discover,NGSL,0,0,
discovery,NGSL,0,0,
discrete,NAWL,0,0,
discrimination,NAWL,0,0,
discuss,NGSL;Spoken,0,0,
discussion,NGSL;Spoken,0,0,
disease,NGSL,0,0,
dish,NGSL,0,0,
disk,NGSL,0,0,
dismiss,NGSL,0,0,
disorder,NGSL,0,0,
displacement,NAWL,0,0,
display,NGSL,0,0,
dispute,NGSL,0,0,
dissection,NAWL,0,0,
dissertation,NAWL,0,0,
dissolve,NAWL,0,0,
distance,NGSL,0,0,
distant,NGSL,0,0,
distinct,NGSL,0,0,
distinction,NGSL,0,0,
distinguish,NGSL,0,0,
distribute,NGSL,0,0,
distribution,NAWL,0,0,
district,NGSL,0,0,
disturb,NGSL,0,0,
disturbance,NAWL,0,0,
diverse,NAWL,0,0,
diversity,NGSL,0,0,
divide,NGSL,0,0,
division,NGSL,0,0,
divorce,NGSL,0,0,
do,NGSL;Spoken,0,0,
doctor,NGSL;Spoken,0,0,
document,NGSL;Spoken,0,0,
dog,NGSL;Spoken,0,0,
dollar,NGSL;Spoken,0,0,
domain,NAWL,0,0,
domestic,NGSL,0,0,
dominance,NAWL,1,1,2025-11-09T08:55:46+00:00
dominant,NAWL,0,0,
dominate,NGSL,0,0,
domination,NAWL,0,0,
donor,NAWL,0,0,
door,NGSL;Spoken,0,0,
dose,NAWL,0,0,
double,NGSL,0,0,
doubt,NGSL,0,0,
down,NGSL;Spoken,0,0,
dozen,NGSL,0,0,
draft,NGSL,0,0,
drag,NGSL,0,0,
drain,NAWL,0,0,
drama,NGSL,0,0,
dramatic,NGSL,0,0,
dramatically,NGSL,0,0,
draw,NGSL;Spoken,0,0,
dream,NGSL,0,0,
dress,NGSL,0,0,
drift,NAWL,0,0,
drink,NGSL;Spoken,0,0,
drive,NGSL;Spoken,0,0,
driver,NGSL,0,0,
drop,NGSL;Spoken,0,0,
drug,NGSL,0,0,
dry,NGSL,0,0,
due,NGSL,0,0,
duration,NAWL,0,0,
during,NGSL;Spoken,0,0,
dust,NGSL,0,0,
duty,NGSL,0,0,
dye,NAWL,0,0,
dynamic,NAWL,0,0,
each,NGSL;Spoken,0,0,
ear,NGSL,0,0,
early,NGSL;Spoken,0,0,
earn,NGSL,0,0,
earth,NGSL,0,0,
ease,NGSL,0,0,
easily,NGSL,0,0,
east,NGSL,0,0,
eastern,NGSL,0,0,
easy,NGSL;Spoken,0,0,
eat,NGSL;Spoken,0,0,
ecological,NAWL,0,0,
ecology,NAWL,0,0,
economic,NGSL,0,0,
economically,NAWL,0,0,
economist,NAWL,0,0,
economy,NGSL,0,0,
edge,NGSL,0,0,
edit,NGSL,0,0,
edition,NGSL,0,0,
editor,NGSL,0,0,
educate,NGSL,0,0,
education,NGSL;Spoken,0,0,
educational,NGSL,0,0,
effect,NGSL;Spoken,0,0,
effective,NGSL,0,0,
effectively,NGSL,0,0,
effectiveness,NAWL,0,0,
efficiency,NGSL,0,0,
efficient,NGSL,0,0,
effort,NGSL;Spoken,0,0,
egg,NGSL,0,0,
eight,Spoken,0,0,
eighty,Spoken,0,0,
either,NGSL;Spoken,0,0,
elaborate,NAWL,0,0,
elastic,NAWL,0,0,
elasticity,NAWL,0,0,
elderly,NGSL,0,0,
elect,NGSL,0,0,
election,NGSL,0,0,
electric,NGSL,0,0,
electricity,NGSL,0,0,
electron,NAWL,0,0,
electronic,NGSL,0,0,
element,NGSL,0,0,
elementary,NAWL,0,0,
elevate,NAWL,0,0,
elevation,NAWL,0,0,
eleven,Spoken,0,0,
eliminate,NGSL,0,0,
elimination,NAWL,0,0,
elite,NAWL,0,0,
else,NGSL;Spoken,0,0,
elsewhere,NGSL,0,0,
email,NGSL,0,0,
embarrass,NGSL,0,0,
embed,NAWL,0,0,
embrace,NGSL,0,0,
emerge,NGSL,0,0,
emergence,NAWL,0,0,
emergency,NGSL,0,0,
emission,NAWL,0,0,
emit,NAWL,0,0,
emotion,NGSL,0,0,
emotional,NGSL,0,0,
emperor,NAWL,0,0,
emphasis,NGSL,0,0,
emphasize,NGSL,0,0,
empire,NGSL,0,0,
empirical,NAWL,0,0,
employ,NGSL,0,0,
employee,NGSL,0,0,
employer,NGSL,0,0,
employment,NGSL,0,0,
empty,NGSL,0,0,
enable,NGSL,0,0,
encode,NAWL,0,0,
encounter,NGSL,0,0,
encourage,NGSL,0,0,
end,NGSL;Spoken,0,0,
enemy,NGSL,0,0,
energy,NGSL,0,0,
enforcement,NAWL,0,0,
engage,NGSL,0,0,
engine,NGSL,0,0,
engineer,NGSL,0,0,
enhance,NGSL,0,0,
enjoy,NGSL;Spoken,0,0,
enormous,NGSL,0,0,
enormously,NAWL,0,0,
enough,NGSL;Spoken,0,0,
ensure,NGSL,0,0,
enter,NGSL,0,0,
enterprise,NGSL,0,0,
entertain,NGSL,0,0,
entertainment,NGSL,0,0,
entire,NGSL,0,0,
entirely,NGSL,0,0,
entitle,NGSL,0,0,
entity,NAWL,0,0,
entrance,NGSL,0,0,
entrant,NAWL,0,0,
entry,NGSL,0,0,
envelope,NGSL,0,0,
environment,NGSL,0,0,
environmental,NGSL,0,0,
enzyme,NAWL,0,0,
epidemic,NAWL,0,0,
epidemiology,NAWL,0,0,
episode,NGSL,0,0,
equal,NGSL,0,0,
equality,NAWL,0,0,
equally,NGSL,0,0,
equation,NGSL,0,0,
equilibrium,NAWL,0,0,
equipment,NGSL,0,0,
equivalence,NAWL,0,0,
equivalent,NGSL,0,0,
era,NGSL,0,0,
erase,NAWL,0,0,
error,NGSL,0,0,
escape,NGSL,0,0,
especially,NGSL;Spoken,1,1,2025-11-09T08:55:46+00:00
essay,NGSL,0,0,
essence,NAWL,0,0,
essential,NGSL,0,0,
essentially,NAWL,0,0,
establish,NGSL,0,0,
establishment,NGSL,0,0,
estate,NGSL,0,0,
estimate,NGSL,0,0,
estimation,NAWL,0,0,
ethical,NAWL,0,0,
ethics,NAWL,0,0,
ethnic,NGSL,0,0,
evaluate,NGSL,0,0,
evaluation,NGSL,0,0,
even,NGSL;Spoken,0,0,
evening,NGSL;Spoken,0,0,
event,NGSL,0,0,
eventually,NGSL,0,0,
ever,NGSL;Spoken,0,0,
every,NGSL;Spoken,0,0,
everybody,NGSL;Spoken,0,0,
everyday,NGSL,0,0,
everyone,NGSL;Spoken,0,0,
everything,NGSL;Spoken,0,0,
everywhere,NGSL,0,0,
evidence,NGSL,0,0,
evident,NAWL,0,0,
evil,NGSL,0,0,
evolution,NGSL,0,0,
evolutionary,NAWL,0,0,
evolve,NGSL,0,0,
ex,NAWL,0,0,
exact,NGSL,0,0,
exactly,NGSL;Spoken,0,0,
exam,NGSL,0,0,
examination,NGSL,0,0,
examine,NGSL,0,0,
example,NGSL;Spoken,0,0,
exceed,NGSL,0,0,
excellent,NGSL,0,0,
except,NGSL,0,0,
exception,NGSL,0,0,
excess,NGSL,0,0,
exchange,NGSL,1,1,2025-11-09T08:55:46+00:00
excite,NGSL,0,0,
excitement,NGSL,0,0,
exclude,NGSL,0,0,
excuse,NGSL,0,0,
execute,NAWL,0,0,
execution,NAWL,0,0,
executive,NGSL,0,0,
exercise,NGSL,0,0,
exhaust,NGSL,0,0,
exhibit,NGSL,0,0,
exhibition,NGSL,0,0,
exist,NGSL,0,0,
existence,NGSL,0,0,
exit,NAWL,0,0,
expand,NGSL,0,0,
expansion,NGSL,0,0,
expect,NGSL;Spoken,0,0,
expectation,NGSL,0,0,
expenditure,NGSL,0,0,
expense,NGSL,0,0,
expensive,NGSL,0,0,
experience,NGSL;Spoken,0,0,
experiment,NGSL,0,0,
experimental,NGSL,0,0,
expert,NGSL,2,1,2025-11-09T08:55:46+00:00
expertise,NAWL,0,0,
explain,NGSL;Spoken,0,0,
explanation,NGSL,0,0,
explicit,NAWL,0,0,
explicitly,NAWL,0,0,
exploit,NAWL,0,0,
explore,NGSL,0,0,
exponential,NAWL,0,0,
export,NGSL,0,0,
expose,NGSL,0,0,
exposure,NGSL,0,0,
express,NGSL,0,0,
expression,NGSL,0,0,
extend,NGSL,0,0,
extension,NGSL,0,0,
extensive,NGSL,0,0,
extent,NGSL,0,0,
external,NGSL,0,0,
extra,NGSL;Spoken,0,0,
extract,NGSL,0,0,
extraordinary,NGSL,0,0,
extreme,NGSL,0,0,
extremely,NGSL,0,0,
eye,NGSL;Spoken,0,0,
fabric,NAWL,0,0,
face,NGSL;Spoken,0,0,
facet,NAWL,0,0,
facilitate,NAWL,0,0,
facility,NGSL,0,0,
fact,NGSL;Spoken,0,0,
factor,NGSL,0,0,
factorial,NAWL,0,0,
factory,NGSL,0,0,
faculty,NAWL,0,0,
fade,NGSL,0,0,
fail,NGSL,0,0,
failure,NGSL,0,0,
fair,NGSL;Spoken,0,0,
fairly,NGSL;Spoken,0,0,
faith,NGSL,0,0,
faithfully,NGSL,0,0,
fall,NGSL;Spoken,0,0,
false,NGSL,0,0,
familiar,NGSL,0,0,
family,NGSL;Spoken,1,1,2025-11-09T08:55:46+00:00
famous,NGSL,0,0,
fan,NGSL,0,0,
fancy,NGSL,0,0,
fantastic,NGSL,0,0,
far,NGSL;Spoken,0,0,
farm,NGSL,0,0,
farmer,NGSL,0,0,
fascinate,NGSL,0,0,
fashion,NGSL,0,0,
fast,NGSL,0,0,
fat,NGSL,0,0,
father,NGSL;Spoken,0,0,
fatigue,NAWL,0,0,
fault,NGSL,0,0,
favor,NGSL,0,0,
favorite,NGSL,0,0,
fear,NGSL,0,0,
feature,NGSL,0,0,
federal,NGSL,0,0,
fee,NGSL,0,0,
feed,NGSL,0,0,
feedback,NAWL,0,0,
feel,NGSL;Spoken,0,0,
fellow,NGSL,0,0,
female,NGSL,0,0,
fence,NGSL,0,0,
fertility,NAWL,0,0,
festival,NGSL,0,0,
fetal,NAWL,0,0,
fever,NAWL,0,0,
few,NGSL;Spoken,0,0,
fiber,NAWL,0,0,
fiction,NGSL,0,0,
field,NGSL,0,0,
fifteen,Spoken,0,0,
fifty,Spoken,0,0,
fight,NGSL,0,0,
figure,NGSL;Spoken,0,0,
file,NGSL,0,0,
fill,NGSL;Spoken,0,0,
film,NGSL,0,0,
filter,NGSL,0,0,
fin,NAWL,0,0,
final,NGSL,0,0,
finally,NGSL,0,0,
finance,NGSL,0,0,
financial,NGSL,2,1,2025-11-09T08:55:46+00:00
find,NGSL;Spoken,0,0,
fine,NGSL;Spoken,0,0,
finger,NGSL,0,0,
finish,NGSL;Spoken,0,0,
finite,NAWL,0,0,
fire,NGSL;Spoken,0,0,
firm,NGSL,1,1,2025-11-09T08:55:46+00:00
firmly,NGSL,0,0,
first,NGSL;Spoken,0,0,
firstly,NGSL,0,0,
fish,NGSL,0,0,
fit,NGSL;Spoken,0,0,
five,Spoken,0,0,
fix,NGSL,0,0,
flag,NGSL,0,0,
flash,NGSL,0,0,
flat,NGSL,0,0,
flesh,NAWL,0,0,
flexibility,NAWL,0,0,
flexible,NGSL,0,0,
flight,NGSL,0,0,
flip,NAWL,0,0,
float,NGSL,0,0,
flood,NGSL,0,0,
floor,NGSL;Spoken,0,0,
flow,NGSL,0,0,
flower,NGSL,0,0,
fluid,NAWL,0,0,
flux,NAWL,0,0,
fly,NGSL,0,0,
focus,NGSL;Spoken,0,0,
fold,NGSL,0,0,
folk,NGSL,0,0,
follow,NGSL;Spoken,0,0,
food,NGSL;Spoken,0,0,
fool,NGSL,0,0,
foot,NGSL;Spoken,0,0,
football,NGSL,0,0,
footnote,NAWL,0,0,
for,NGSL;Spoken,0,0,
force,NGSL;Spoken,0,0,
forecast,NGSL,0,0,
foreign,NGSL,0,0,
forest,NGSL,0,0,
forever,NGSL,0,0,
forget,NGSL;Spoken,0,0,
form,NGSL;Spoken,0,0,
formal,NGSL,0,0,
formally,NAWL,0,0,
format,NGSL,0,0,
formation,NGSL,0,0,
former,NGSL,1,1,2025-11-09T08:55:46+00:00
formula,NGSL,0,0,
formulation,NAWL,0,0,
forth,NGSL,0,0,
fortunate,NGSL,0,0,
fortune,NGSL,0,0,
forty,Spoken,0,0,
forum,NAWL,0,0,
forward,NGSL;Spoken,0,0,
fossil,NAWL,0,0,
found,NGSL,0,0,
foundation,NGSL,0,0,
four,Spoken,0,0,
fraction,NAWL,0,0,
fracture,NAWL,0,0,
fragment,NGSL,0,0,
frame,NGSL,0,0,
framework,NGSL,0,0,
free,NGSL;Spoken,0,0,
freedom,NGSL,0,0,
freely,NAWL,0,0,
freeze,NGSL,0,0,
frequency,NGSL,0,0,
frequent,NGSL,0,0,
frequently,NGSL,0,0,
fresh,NGSL,0,0,
friction,NAWL,0,0,
friend,NGSL;Spoken,0,0,
friendly,NGSL,0,0,
friendship,NGSL,0,0,
frighten,NGSL,0,0,
fringe,NAWL,0,0,
from,NGSL;Spoken,0,0,
front,NGSL;Spoken,0,0,
fruit,NGSL,0,0,
fuel,NGSL,0,0,
fulfill,NGSL,0,0,
full,NGSL;Spoken,0,0,
fully,NGSL,0,0,
fun,NGSL;Spoken,0,0,
function,NGSL,0,0,
functional,NGSL,0,0,
fund,NGSL;Spoken,0,0,
fundamental,NGSL,0,0,
fundamentally,NAWL,0,0,
fungus,NAWL,0,0,
funny,NGSL;Spoken,0,0,
furniture,NGSL,0,0,
further,NGSL;Spoken,0,0,
furthermore,NGSL,0,0,
fusion,NAWL,0,0,
future,NGSL;Spoken,0,0,
gain,NGSL,0,0,
gallery,NGSL,0,0,
game,NGSL;Spoken,0,0,
gap,NGSL,0,0,
garden,NGSL,0,0,
gas,NGSL,0,0,
gate,NGSL,0,0,
gather,NGSL,0,0,
gauge,NAWL,0,0,
gay,NGSL,0,0,
gaze,NGSL,0,0,
gear,NGSL,0,0,
gender,NGSL,0,0,
gene,NGSL,0,0,
general,NGSL;Spoken,0,0,
generalization,NAWL,0,0,
generalize,NAWL,0,0,
generally,NGSL,0,0,
generate,NGSL,0,0,
generation,NGSL,0,0,
genetic,NGSL,0,0,
genetically,NAWL,0,0,
genetics,NAWL,0,0,
gentle,NGSL,0,0,
gentleman,NGSL,0,0,
gently,NGSL,0,0,
genuine,NGSL,0,0,
gesture,NGSL,0,0,
get,NGSL;Spoken,0,0,
ghost,NAWL,0,0,
giant,NGSL,0,0,
gift,NGSL,0,0,
girl,NGSL;Spoken,0,0,
give,NGSL;Spoken,0,0,
glad,NGSL,0,0,
glance,NGSL,0,0,
glass,NGSL,0,0,
global,NGSL,0,0,
globalization,NAWL,0,0,
go,NGSL;Spoken,0,0,
goal,NGSL,0,0,
goat,NAWL,0,0,
god,NGSL,0,0,
gold,NGSL,0,0,
golden,NGSL,0,0,
golf,NGSL,0,0,
good,NGSL;Spoken,0,0,
goodness,NAWL,0,0,
goods,NAWL,0,0,
govern,NGSL,0,0,
government,NGSL;Spoken,0,0,
governor,NGSL,0,0,
grab,NGSL,0,0,
grade,NGSL;Spoken,0,0,
gradient,NAWL,0,0,
gradually,NGSL,0,0,
graduate,NGSL,0,0,
grain,NGSL,0,0,
gram,NAWL,0,0,
grammar,NGSL,0,0,
grammatical,NAWL,0,0,
grand,NGSL,0,0,
grandmother,NGSL,0,0,
grant,NGSL,0,0,
graph,NAWL,0,0,
grasp,NAWL,0,0,
grass,NGSL,0,0,
grateful,NGSL,0,0,
gravity,NAWL,0,0,
gray,NGSL,0,0,
great,NGSL;Spoken,0,0,
greatly,NGSL,0,0,
green,NGSL,0,0,
greet,NGSL,0,0,
grid,NAWL,0,0,
grin,NGSL,0,0,
gross,NAWL,0,0,
ground,NGSL,0,0,
group,NGSL;Spoken,0,0,
grow,NGSL;Spoken,0,0,
growth,NGSL,0,0,
guarantee,NGSL,0,0,
guard,NGSL,0,0,
guess,NGSL;Spoken,0,0,
guest,NGSL,0,0,
guide,NGSL,0,0,
guideline,NGSL,0,0,
guilty,NGSL,0,0,
guitar,NGSL,0,0,
gun,NGSL,0,0,
gut,NAWL,0,0,
guy,NGSL;Spoken,0,0,
habit,NGSL,0,0,
habitat,NAWL,0,0,
hair,NGSL;Spoken,0,0,
half,NGSL;Spoken,0,0,
halfway,NAWL,0,0,
hall,NGSL,0,0,
hand,NGSL;Spoken,0,0,
handle,NGSL,0,0,
handout,NAWL,0,0,
hang,NGSL;Spoken,0,0,
happen,NGSL;Spoken,1,1,2025-11-09T08:55:46+00:00
happiness,NGSL,0,0,
happy,NGSL;Spoken,1,1,2025-11-09T08:55:46+00:00
harbor,NGSL,0,0,
hard,NGSL;Spoken,0,0,
hardly,NGSL,0,0,
harm,NGSL,0,0,
harvest,NAWL,0,0,
hat,NGSL,0,0,
hate,NGSL;Spoken,0,0,
have,NGSL;Spoken,1,1,2025-11-09T08:55:46+00:00
hawk,NAWL,0,0,
he,NGSL;Spoken,0,0,
head,NGSL;Spoken,0,0,
headquarter,NAWL,0,0,
health,NGSL;Spoken,0,0,
healthy,NGSL,0,0,
hear,NGSL;Spoken,0,0,
heart,NGSL,0,0,
heat,NGSL,0,0,
heavily,NGSL,0,0,
heavy,NGSL,0,0,
hedge,NAWL,0,0,
height,NGSL,0,0,
helix,NAWL,0,0,
hell,NGSL,0,0,
hello,NGSL,0,0,
help,NGSL;Spoken,1,1,2025-11-09T08:55:46+00:00
helpful,NGSL,0,0,
hence,NGSL,0,0,
hepatitis,NAWL,0,0,
herbicide,NAWL,0,0,
here,NGSL;Spoken,0,0,
hero,NGSL,0,0,
herself,NGSL,0,0,
hesitate,NGSL,0,0,
hi,NGSL,0,0,
hide,NGSL,0,0,
hierarchy,NAWL,0,0,
high,NGSL;Spoken,0,0,
highlight,NGSL,0,0,
highly,NGSL,0,0,
hill,NGSL,0,0,
himself,NGSL,0,0,
hint,NGSL,0,0,
hip,NAWL,0,0,
hire,NGSL,0,0,
historian,NGSL,0,0,
historic,NGSL,0,0,
historical,NGSL,0,0,
historically,NAWL,0,0,
history,NGSL,0,0,
hit,NGSL;Spoken,0,0,
hold,NGSL;Spoken,1,1,2025-11-09T08:55:46+00:00
holder,NGSL,0,0,
hole,NGSL,0,0,
holiday,NGSL;Spoken,0,0,
home,NGSL;Spoken,0,0,
homework,NAWL,0,0,
honest,NGSL,0,0,
honor,NGSL,0,0,
hook,NGSL,0,0,
hope,NGSL;Spoken,0,0,
hopefully,NGSL,0,0,
horizon,NAWL,0,0,
horizontal,NAWL,0,0,
hormone,NAWL,0,0,
horrible,NGSL,0,0,
horse,NGSL,0,0,
hospital,NGSL;Spoken,0,0,
host,NGSL,0,0,
hot,NGSL;Spoken,0,0,
hotel,NGSL,0,0,
hour,NGSL;Spoken,0,0,
house,NGSL;Spoken,0,0,
household,NGSL,0,0,
how,NGSL;Spoken,0,0,
however,NGSL,1,1,2025-11-09T08:55:46+00:00
huge,NGSL,0,0,
human,NGSL,0,0,
humor,NGSL,0,0,
hundred,Spoken,0,0,
hunger,NGSL,0,0,
hunt,NGSL,0,0,
hurry,NGSL,0,0,
hurt,NGSL,0,0,
husband,NGSL;Spoken,0,0,
hydrogen,NAWL,0,0,
hypothesis,NGSL,0,0,
i,NGSL;Spoken,0,0,
ice,NGSL,0,0,
idea,NGSL;Spoken,0,0,
ideal,NGSL,0,0,
identical,NAWL,0,0,
identification,NAWL,0,0,
identify,NGSL,0,0,
identity,NGSL,0,0,
ideology,NAWL,0,0,
if,NGSL;Spoken,0,0,
ignore,NGSL,0,0,
ill,NGSL,0,0,
illegal,NGSL,0,0,
illness,NGSL,0,0,
illusion,NAWL,0,0,
illustrate,NGSL,0,0,
illustration,NGSL,0,0,
image,NGSL,0,0,
imagination,NGSL,0,0,
imagine,NGSL;Spoken,0,0,
immediate,NGSL,0,0,
immediately,NGSL,0,0,
immigrant,NGSL,0,0,
immigration,NGSL,0,0,
immune,NAWL,0,0,
impact,NAWL,0,0,
implement,NGSL,0,0,
implementation,NGSL,0,0,
implication,NGSL,0,0,
implicit,NAWL,0,0,
imply,NGSL,0,0,
import,NGSL,0,0,
importance,NGSL,0,0,
important,NGSL;Spoken,1,1,2025-11-09T08:55:46+00:00
importantly,NAWL,0,0,
impose,NGSL,0,0,
impossible,NGSL,0,0,
impress,NGSL,0,0,
impression,NGSL,0,0,
impressive,NGSL,0,0,
improve,NGSL,0,0,
improvement,NGSL,0,0,
impulse,NAWL,0,0,
in,NGSL;Spoken,0,0,
incentive,NGSL,0,0,
inch,NGSL,0,0,
incidence,NAWL,0,0,
incident,NGSL,0,0,
incline,NAWL,0,0,
include,NGSL;Spoken,0,0,
inclusion,NAWL,0,0,
income,NGSL,0,0,
incorporate,NGSL,0,0,
increase,NGSL;Spoken,1,1,2025-11-09T08:55:46+00:00
increasingly,NGSL,0,0,
incredible,NAWL,0,0,
incredibly,NAWL,0,0,
incumbent,NAWL,0,0,
indeed,NGSL,0,0,
independence,NGSL,0,0,
independent,NGSL,0,0,
independently,NAWL,0,0,
index,NGSL,0,0,
indicate,NGSL,0,0,
indication,NGSL,0,0,
indicator,NAWL,0,0,
indifference,NAWL,0,0,
indigenous,NAWL,0,0,
indirect,NAWL,0,0,
individual,NGSL;Spoken,0,0,
individually,NAWL,0,0,
induce,NAWL,0,0,
induction,NAWL,0,0,
industrial,NGSL,0,0,
industrialization,NAWL,0,0,
industrialize,NAWL,0,0,
industry,NGSL,1,1,2025-11-09T08:55:46+00:00
inequality,NAWL,0,0,
inevitably,NAWL,0,0,
infant,NGSL,0,0,
infect,NAWL,0,0,
infection,NGSL,0,0,
infectious,NAWL,0,0,
inference,NAWL,0,0,
inferior,NAWL,0,0,
infinite,NAWL,0,0,
infinity,NAWL,0,0,
inflation,NGSL,0,0,
influence,NGSL,0,0,
influential,NAWL,0,0,
inform,NGSL,0,0,
informal,NAWL,0,0,
information,NGSL;Spoken,0,0,
inhibit,NAWL,0,0,
inhibition,NAWL,0,0,
initial,NGSL,0,0,
initially,NGSL,0,0,
initiate,NAWL,0,0,
initiation,NAWL,0,0,
initiative,NGSL,0,0,
inject,NAWL,0,0,
injection,NAWL,0,0,
injure,NGSL,0,0,
injury,NGSL,0,0,
innate,NAWL,0,0,
inner,NGSL,0,0,
innocent,NGSL,0,0,
innovation,NGSL,0,0,
input,NGSL,0,0,
inquiry,NGSL,0,0,
insect,NAWL,0,0,
insert,NAWL,0,0,
inside,NGSL,0,0,
insight,NGSL,0,0,
insist,NGSL,0,0,
inspire,NGSL,0,0,
instability,NAWL,0,0,
install,NGSL,0,0,
instance,NGSL,0,0,
instead,NGSL;Spoken,0,0,
instinct,NAWL,0,0,
institution,NGSL,0,0,
institutional,NGSL,0,0,
instruction,NGSL,0,0,
instrument,NGSL,0,0,
insurance,NGSL,0,0,
insure,NGSL,0,0,
integral,NAWL,0,0,
integrate,NGSL,0,0,
integration,NAWL,0,0,
intellectual,NGSL,0,0,
intelligence,NGSL,0,0,
intend,NGSL,0,0,
intense,NGSL,0,0,
intensity,NAWL,0,0,
intensive,NAWL,0,0,
intention,NGSL,0,0,
interact,NAWL,0,0,
interaction,NGSL,1,1,2025-11-09T08:55:46+00:00
interest,NGSL;Spoken,1,1,2025-11-09T08:55:46+00:00
interestingly,NAWL,0,0,
interface,NAWL,0,0,
interfere,NAWL,0,0,
interior,NGSL,0,0,
intermediate,NAWL,0,0,
internal,NGSL,0,0,
international,NGSL,0,0,
interpret,NGSL,0,0,
interpretation,NGSL,0,0,
interrupt,NAWL,0,0,
interval,NAWL,0,0,
intervene,NAWL,0,0,
intervention,NGSL,0,0,
interview,NGSL,0,0,
interviewer,NAWL,0,0,
into,NGSL;Spoken,0,0,
introduce,NGSL,0,0,
introduction,NGSL,0,0,
invade,NAWL,0,0,
invasion,NAWL,0,0,
invent,NGSL,0,0,
inversion,NAWL,0,0,
invert,NAWL,0,0,
invest,NGSL,4,1,2025-11-09T08:55:46+00:00
investigate,NGSL,0,0,
investigation,NGSL,0,0,
investment,NGSL,3,1,2025-11-09T08:55:46+00:00
investor,NGSL,0,0,
invitation,NGSL,0,0,
invite,NGSL,0,0,
involve,NGSL;Spoken,0,0,
involvement,NGSL,0,0,
ion,NAWL,0,0,
iron,NGSL,0,0,
irrelevant,NAWL,0,0,
irrigation,NAWL,0,0,
island,NGSL,0,0,
isolate,NGSL,0,0,
issue,NGSL;Spoken,0,0,
it,NGSL;Spoken,0,0,
item,NGSL;Spoken,0,0,
itself,NGSL;Spoken,0,0,
jacket,NGSL,0,0,
jail,NGSL,0,0,
jazz,NAWL,0,0,
job,NGSL;Spoken,0,0,
join,NGSL,0,0,
joint,NGSL,0,0,
joke,NGSL,0,0,
journal,NGSL,0,0,
journalist,NGSL,0,0,
journey,NGSL,0,0,
joy,NGSL,0,0,
judge,NGSL,0,0,
judgment,NGSL,0,0,
jump,NGSL,0,0,
junior,NAWL,0,0,
jury,NGSL,0,0,
just,NGSL;Spoken,0,0,
justice,NGSL,0,0,
justification,NAWL,0,0,
justify,NGSL,0,0,
keen,NGSL,0,0,
keep,NGSL;Spoken,0,0,
key,NGSL,0,0,
kick,NGSL,0,0,
kid,NGSL;Spoken,0,0,
kidney,NAWL,0,0,
kill,NGSL;Spoken,0,0,
kilometer,NAWL,0,0,
kind,NGSL;Spoken,0,0,
king,NGSL,0,0,
kiss,NGSL,0,0,
kitchen,NGSL,0,0,
knee,NGSL,0,0,
knife,NGSL,0,0,
knock,NGSL,0,0,
know,NGSL;Spoken,1,1,2025-11-09T08:55:46+00:00
knowledge,NGSL,0,0,
lab,NAWL,0,0,
label,NGSL,0,0,
labor,NGSL,0,0,
laboratory,NGSL,0,0,
lack,NGSL,0,0,
lady,NGSL;Spoken,0,0,
lake,NGSL,0,0,
land,NGSL;Spoken,0,0,
landscape,NGSL,0,0,
language,NGSL;Spoken,0,0,
large,NGSL;Spoken,1,1,2025-11-09T08:55:46+00:00
largely,NGSL,0,0,
last,NGSL;Spoken,0,0,
late,NGSL;Spoken,0,0,
lateral,NAWL,0,0,
latter,NGSL,0,0,
laugh,NGSL;Spoken,0,0,
laughter,NGSL;Spoken,0,0,
launch,NGSL,0,0,
law,NGSL;Spoken,0,0,
lawyer,NGSL,0,0,
lay,NGSL,0,0,
layer,NGSL,0,0,
layout,NAWL,0,0,
lazy,NGSL,0,0,
lead,NGSL;Spoken,0,0,
leader,NGSL,0,0,
leadership,NGSL,0,0,
leaf,NAWL,0,0,
league,NGSL,0,0,
lean,NGSL,0,0,
leap,NGSL,0,0,
learn,NGSL;Spoken,0,0,
least,NGSL;Spoken,0,0,
leather,NGSL,0,0,
leave,NGSL;Spoken,0,0,
lecture,NGSL,0,0,
lecturer,NAWL,0,0,
left,NGSL,0,0,
leg,NGSL,0,0,
legal,NGSL,0,0,
legend,NAWL,0,0,
legislation,NGSL,0,0,
legitimate,NAWL,0,0,
leisure,NAWL,0,0,
lend,NGSL,0,0,
length,NGSL,0,0,
less,NGSL;Spoken,0,0,
lesson,NGSL,0,0,
let,NGSL;Spoken,0,0,
letter,NGSL;Spoken,0,0,
level,NGSL;Spoken,0,0,
lever,NAWL,0,0,
lexical,NAWL,0,0,
liability,NGSL,0,0,
liable,NAWL,0,0,
liberal,NGSL,0,0,
library,NGSL,0,0,
license,NGSL,0,0,
lie,NGSL,0,0,
life,NGSL;Spoken,0,0,
lifestyle,NAWL,0,0,
lifetime,NAWL,0,0,
lift,NGSL,0,0,
light,NGSL;Spoken,0,0,
like,NGSL;Spoken,1,1,2025-11-09T08:55:46+00:00
likelihood,NAWL,0,0,
likely,NGSL,0,0,
likewise,NAWL,0,0,
limb,NAWL,0,0,
limit,NGSL,0,0,
limitation,NGSL,0,0,
line,NGSL;Spoken,0,0,
linear,NAWL,0,0,
linguistic,NAWL,0,0,
linguistics,NAWL,0,0,
link,NGSL,0,0,
lip,NGSL,0,0,
liquid,NGSL,0,0,
list,NGSL;Spoken,0,0,
listen,NGSL;Spoken,0,0,
listener,NGSL,0,0,
liter,NAWL,0,0,
literally,NGSL,0,0,
literary,NGSL,0,0,
literature,NGSL,0,0,
little,NGSL;Spoken,0,0,
live,NGSL;Spoken,0,0,
liver,NAWL,0,0,
load,NGSL;Spoken,0,0,
loan,NGSL,0,0,
local,NGSL;Spoken,0,0,
locally,NAWL,0,0,
locate,NGSL,0,0,
location,NGSL,0,0,
lock,NGSL,0,0,
locus,NAWL,0,0,
log,NGSL,0,0,
logic,NGSL,0,0,
logical,NAWL,0,0,
long,NGSL;Spoken,0,0,
longitudinal,NAWL,0,0,
look,NGSL;Spoken,1,1,2025-11-09T08:55:46+00:00
loop,NAWL,0,0,
loose,NGSL,0,0,
lose,NGSL;Spoken,0,0,
loss,NGSL,0,0,
lot,NGSL;Spoken,0,0,
loud,NGSL,0,0,
love,NGSL;Spoken,0,0,
lovely,NGSL;Spoken,0,0,
lover,NGSL,0,0,
low,NGSL;Spoken,0,0,
luck,NGSL,0,0,
lucky,NGSL,0,0,
lump,NAWL,0,0,
lunch,NGSL,0,0,
lung,NAWL,0,0,
luxury,NGSL,0,0,
machine,NGSL;Spoken,0,0,
machinery,NAWL,0,0,
mad,NGSL,0,0,
magazine,NGSL,0,0,
magic,NGSL,0,0,
magnetic,NAWL,0,0,
magnitude,NAWL,0,0,
mail,NGSL,0,0,
main,NGSL;Spoken,0,0,
mainly,NGSL,0,0,
maintain,NGSL,0,0,
maintenance,NGSL,0,0,
major,NGSL;Spoken,0,0,
majority,NGSL,0,0,
make,NGSL;Spoken,0,0,
maker,NGSL,0,0,
male,NGSL,0,0,
mall,NAWL,0,0,
man,NGSL;Spoken,0,0,
manage,NGSL,0,0,
management,NGSL,0,0,
manager,NGSL,0,0,
manipulate,NAWL,0,0,
manipulation,NAWL,0,0,
manner,NGSL,0,0,
manual,NAWL,0,0,
manufacture,NGSL,0,0,
manufacturer,NGSL,0,0,
manuscript,NAWL,0,0,
many,NGSL;Spoken,1,1,2025-11-09T08:55:46+00:00
map,NGSL,0,0,
marble,NAWL,0,0,
march,NGSL,0,0,
margin,NGSL,0,0,
marginal,NAWL,0,0,
mark,NGSL,0,0,
marker,NAWL,0,0,
market,NGSL;Spoken,1,1,2025-11-09T08:55:46+00:00
marriage,NGSL,0,0,
marrow,NAWL,0,0,
marry,NGSL;Spoken,0,0,
mass,NGSL,0,0,
massive,NGSL,0,0,
master,NGSL,0,0,
match,NGSL,0,0,
mate,NGSL,0,0,
material,NGSL,0,0,
maternal,NAWL,0,0,
mathematical,NAWL,0,0,
mathematics,NGSL;Spoken,0,0,
matrix,NAWL,0,0,
matter,NGSL;Spoken,0,0,
mature,NGSL,0,0,
maximize,NAWL,0,0,
maximum,NGSL,0,0,
may,NGSL;Spoken,0,0,
maybe,NGSL;Spoken,0,0,
mayor,NGSL,0,0,
meal,NGSL,0,0,
mean,NGSL;Spoken,0,0,
meaningful,NAWL,0,0,
meanwhile,NGSL,0,0,
measure,NGSL,0,0,
measurement,NGSL,0,0,
meat,NGSL,0,0,
mechanic,NAWL,0,0,
mechanical,NAWL,0,0,
mechanism,NGSL,0,0,
media,NAWL,0,0,
mediate,NAWL,0,0,
medical,NGSL,0,0,
medicine,NGSL,0,0,
medium,NGSL,0,0,
meet,NGSL;Spoken,0,0,
member,NGSL;Spoken,0,0,
membership,NGSL,0,0,
membrane,NAWL,0,0,
memorize,NAWL,0,0,
memory,NGSL,0,0,
mental,NGSL,0,0,
mention,NGSL;Spoken,0,0,
mentor,NAWL,0,0,
menu,NGSL,0,0,
mercury,NAWL,0,0,
mere,NGSL,0,0,
merely,NGSL,0,0,
merge,NAWL,0,0,
mess,NGSL,0,0,
message,NGSL,0,0,
messenger,NAWL,0,0,
metabolism,NAWL,0,0,
metal,NGSL,0,0,
metaphor,NAWL,0,0,
meter,NGSL,0,0,
method,NGSL,0,0,
methodology,NAWL,0,0,
micro,NAWL,0,0,
mid,NAWL,0,0,
middle,NGSL;Spoken,0,0,
might,NGSL;Spoken,0,0,
migrate,NAWL,0,0,
migration,NAWL,0,0,
mile,NGSL;Spoken,0,0,
military,NGSL,0,0,
milk,NGSL,0,0,
millimeter,NAWL,0,0,
million,Spoken,1,1,2025-11-09T08:55:46+00:00
mind,NGSL;Spoken,0,0,
mine,NGSL;Spoken,0,0,
mineral,NAWL,0,0,
minimal,NAWL,0,0,
minimize,NAWL,0,0,
minimum,NGSL,0,0,
minister,NGSL,0,0,
minor,NGSL,0,0,
minority,NGSL,0,0,
minus,NAWL,0,0,
minute,NGSL;Spoken,0,0,
mirror,NGSL,0,0,
miss,NGSL;Spoken,0,0,
missile,NAWL,0,0,
mission,NGSL,0,0,
mistake,NGSL,0,0,
mix,NGSL,0,0,
mixture,NGSL,0,0,
mobile,NGSL,0,0,
mobility,NAWL,0,0,
mode,NGSL,0,0,
model,NGSL,0,0,
moderate,NGSL,0,0,
modern,NGSL,0,0,
modification,NAWL,0,0,
modify,NGSL,0,0,
module,NGSL,0,0,
mole,NAWL,0,0,
molecular,NAWL,0,0,
molecule,NAWL,0,0,
mom,NGSL,0,0,
moment,NGSL;Spoken,0,0,
momentum,NAWL,0,0,
monetary,NAWL,0,0,
money,NGSL;Spoken,0,0,
monitor,NGSL,0,0,
monkey,NAWL,0,0,
monopoly,NAWL,0,0,
month,NGSL;Spoken,0,0,
monthly,NGSL,0,0,
mood,NGSL,0,0,
moon,NGSL,0,0,
moral,NGSL,0,0,
morality,NAWL,0,0,
more,NGSL;Spoken,1,1,2025-11-09T08:55:46+00:00
moreover,NGSL,0,0,
morning,NGSL;Spoken,0,0,
morphological,NAWL,0,0,
morphology,NAWL,0,0,
mortality,NAWL,0,0,
mortgage,NGSL,0,0,
most,NGSL;Spoken,1,1,2025-11-09T08:55:46+00:00
mostly,NGSL,0,0,
mother,NGSL;Spoken,0,0,
motif,NAWL,0,0,
motion,NGSL,0,0,
motivate,NGSL,0,0,
motivation,NGSL,0,0,
motive,NAWL,0,0,
motor,NGSL,0,0,
mount,NGSL,0,0,
mountain,NGSL,0,0,
mouse,NGSL,0,0,
mouth,NGSL,0,0,
move,NGSL;Spoken,0,0,
movement,NGSL,0,0,
movie,NGSL;Spoken,0,0,
much,NGSL;Spoken,0,0,
multi,NAWL,0,0,
multinational,NAWL,0,0,
multiple,NGSL,0,0,
multiply,NAWL,0,0,
murder,NGSL,0,0,
muscle,NGSL,0,0,
museum,NGSL,0,0,
music,NGSL;Spoken,0,0,
musical,NGSL,0,0,
musician,NGSL,0,0,
must,NGSL;Spoken,0,0,
mutation,NAWL,0,0,
mutual,NGSL,0,0,
myself,NGSL;Spoken,0,0,
mystery,NGSL,0,0,
myth,NAWL,0,0,
naked,NAWL,0,0,
name,NGSL;Spoken,0,0,
namely,NAWL,0,0,
narrative,NGSL,0,0,
narrow,NGSL,0,0,
nasty,NAWL,0,0,
nation,NGSL,0,0,
national,NGSL;Spoken,0,0,
nationalism,NAWL,0,0,
native,NGSL,0,0,
natural,NGSL,0,0,
naturally,NGSL,0,0,
nature,NGSL,0,0,
near,NGSL;Spoken,0,0,
nearby,NGSL,0,0,
nearly,NGSL,0,0,
neat,NAWL,0,0,
necessarily,NGSL,0,0,
necessary,NGSL,0,0,
necessity,NAWL,0,0,
neck,NGSL,0,0,
need,NGSL;Spoken,0,0,
negative,NGSL,0,0,
neglect,NGSL,0,0,
negotiate,NGSL,0,0,
negotiation,NGSL,0,0,
neighbor,NGSL,0,0,
neighborhood,NGSL,0,0,
neither,NGSL,0,0,
neo,NAWL,0,0,
nerve,NGSL,0,0,
nervous,NGSL,0,0,
nest,NAWL,0,0,
net,NGSL,0,0,
network,NGSL,0,0,
neural,NAWL,0,0,
neuron,NAWL,0,0,
neutral,NAWL,0,0,
never,NGSL;Spoken,1,1,2025-11-09T08:55:46+00:00
nevertheless,NGSL,0,0,
new,NGSL;Spoken,0,0,
newly,NGSL,0,0,
news,NGSL;Spoken,2,1,2025-11-09T08:55:46+00:00
newspaper,NGSL,0,0,
next,NGSL;Spoken,0,0,
nice,NGSL;Spoken,0,0,
nicely,NAWL,0,0,
niche,NAWL,0,0,
night,NGSL;Spoken,0,0,
nine,Spoken,0,0,
nineteen,Spoken,0,0,
ninety,Spoken,0,0,
nitrogen,NAWL,0,0,
no,NGSL;Spoken,0,0,
noble,NAWL,0,0,
nobody,NGSL;Spoken,0,0,
node,NAWL,0,0,
noise,NGSL;Spoken,0,0,
noisy,NAWL,0,0,
nominal,NAWL,0,0,
non,NAWL,0,0,
none,NGSL,0,0,
nonetheless,NAWL,0,0,
nonlinear,NAWL,0,0,
nor,NGSL,0,0,
norm,NAWL,0,0,
normal,NGSL,0,0,
normally,NGSL;Spoken,0,0,
north,NGSL,0,0,
northern,NGSL,0,0,
nose,NGSL,0,0,
not,NGSL;Spoken,0,0,
notation,NAWL,0,0,
note,NGSL;Spoken,0,0,
nothing,NGSL;Spoken,0,0,
notice,NGSL;Spoken,0,0,
notion,NGSL,0,0,
noun,NGSL,0,0,
novel,NGSL,0,0,
novice,NAWL,0,0,
now,NGSL;Spoken,0,0,
nowadays,NGSL,0,0,
nowhere,NGSL,0,0,
nuclear,NGSL,0,0,
nucleus,NAWL,0,0,
null,NAWL,0,0,
number,NGSL;Spoken,0,0,
numerical,NAWL,0,0,
numerous,NGSL,0,0,
nurse,NGSL,0,0,
nutrient,NAWL,0,0,
object,NGSL,0,0,
objection,NAWL,0,0,
objective,NGSL,0,0,
obligation,NGSL,0,0,
obscure,NAWL,0,0,
observation,NGSL,0,0,
observe,NGSL,0,0,
observer,NAWL,0,0,
obtain,NAWL,0,0,
obvious,NGSL,0,0,
obviously,NGSL;Spoken,0,0,
occasion,NGSL,0,0,
occasionally,NGSL,0,0,
occupation,NAWL,0,0,
occupy,NGSL,0,0,
occur,NGSL,0,0,
occurrence,NAWL,0,0,
ocean,NGSL,0,0,
odd,NGSL,0,0,
of,NGSL;Spoken,0,0,
off,NGSL;Spoken,0,0,
offense,NGSL,0,0,
offer,NGSL;Spoken,0,0,
office,NGSL;Spoken,0,0,
officer,NGSL,0,0,
official,NGSL,0,0,
offspring,NAWL,0,0,
often,NGSL;Spoken,1,1,2025-11-09T08:55:46+00:00
oil,NGSL,0,0,
okay,NGSL;Spoken,0,0,
old,NGSL;Spoken,0,0,
on,NGSL;Spoken,0,0,
once,NGSL;Spoken,0,0,
one,NGSL;Spoken,1,1,2025-11-09T08:55:46+00:00
online,NGSL,0,0,
only,NGSL;Spoken,1,1,2025-11-09T08:55:46+00:00
onset,NAWL,0,0,
onto,NGSL,0,0,
onwards,NAWL,0,0,
open,NGSL;Spoken,0,0,
opera,NGSL,0,0,
operate,NGSL,0,0,
operation,NGSL,0,0,
operator,NGSL,0,0,
opinion,NGSL,0,0,
opponent,NGSL,0,0,
opportunity,NGSL;Spoken,0,0,
oppose,NGSL,0,0,
opposite,NGSL,0,0,
opposition,NGSL,0,0,
optical,NAWL,0,0,
optimal,NAWL,0,0,
optimum,NAWL,0,0,
option,NGSL,0,0,
or,NGSL;Spoken,0,0,
oral,NAWL,0,0,
orange,NGSL,0,0,
order,NGSL;Spoken,0,0,
ordinary,NGSL,0,0,
organ,NAWL,0,0,
organic,NGSL,0,0,
organism,NAWL,0,0,
organization,NGSL,0,0,
organize,NGSL,0,0,
orient,NAWL,0,0,
orientation,NAWL,0,0,
origin,NGSL,0,0,
original,NGSL,0,0,
originally,NGSL,0,0,
oscillation,NAWL,0,0,
other,NGSL;Spoken,2,1,2025-11-09T08:55:46+00:00
otherwise,NGSL,0,0,
ought,NGSL;Spoken,0,0,
ourselves,NGSL,0,0,
out,NGSL;Spoken,1,1,2025-11-09T08:55:46+00:00
outcome,NGSL,0,0,
outer,NAWL,0,0,
outlet,NAWL,0,0,
outline,NGSL,0,0,
output,NGSL,0,0,
outside,NGSL;Spoken,0,0,
over,NGSL;Spoken,0,0,
overall,NGSL,0,0,
overcome,NGSL,0,0,
overhead,NAWL,0,0,
overlap,NAWL,0,0,
overseas,NGSL,0,0,
overview,NAWL,0,0,
owe,NGSL,0,0,
own,NGSL;Spoken,1,1,2025-11-09T08:55:46+00:00
owner,NGSL,0,0,
ownership,NGSL,0,0,
oxidize,NAWL,0,0,
oxygen,NAWL,0,0,
pace,NGSL,0,0,
pack,NGSL,0,0,
package,NGSL,0,0,
page,NGSL;Spoken,0,0,
pain,NGSL,0,0,
painful,NAWL,0,0,
paint,NGSL,0,0,
pair,NGSL,0,0,
pale,NGSL,0,0,
panel,NGSL,0,0,
panic,NGSL,0,0,
paper,NGSL;Spoken,0,0,
par,NAWL,0,0,
paradigm,NAWL,0,0,
paradox,NAWL,0,0,
paragraph,NGSL,0,0,
parallel,NGSL,0,0,
parameter,NAWL,0,0,
parcel,NAWL,0,0,
pardon,NAWL,7,1,2025-11-09T08:55:46+00:00
parent,NGSL;Spoken,0,0,
parental,NAWL,0,0,
parenthesis,NAWL,0,0,
park,NGSL;Spoken,0,0,
part,NGSL;Spoken,0,0,
partial,NAWL,0,0,
partially,NAWL,0,0,
participant,NGSL,0,0,
participate,NGSL,0,0,
participation,NGSL,0,0,
particle,NAWL,0,0,
particular,NGSL;Spoken,0,0,
particularly,NGSL;Spoken,0,0,
partition,NAWL,0,0,
partly,NGSL,0,0,
partner,NGSL,0,0,
partnership,NGSL,0,0,
party,NGSL;Spoken,1,1,2025-11-09T08:55:46+00:00
pass,NGSL;Spoken,0,0,
passage,NGSL,0,0,
passenger,NGSL,0,0,
passion,NGSL,0,0,
past,NGSL;Spoken,0,0,
path,NGSL,0,0,
pathway,NAWL,0,0,
patient,NGSL,0,0,
pattern,NGSL,0,0,
pause,NGSL;Spoken,0,0,
pay,NGSL;Spoken,0,0,
payment,NGSL,0,0,
peace,NGSL,0,0,
peak,NGSL,0,0,
peasant,NAWL,0,0,
peer,NGSL,0,0,
pen,NGSL,0,0,
penalty,NGSL,0,0,
pension,NGSL,0,0,
people,NGSL;Spoken,1,1,2025-11-09T08:55:46+00:00
per,NGSL;Spoken,0,0,
perceive,NGSL,0,0,
percent,NGSL;Spoken,0,0,
percentage,NGSL,0,0,
perception,NGSL,0,0,
perfect,NGSL,0,0,
perfectly,NGSL,0,0,
perform,NGSL,0,0,
performance,NGSL,0,0,
perhaps,NGSL;Spoken,0,0,
period,NGSL;Spoken,0,0,
periodic,NAWL,0,0,
peripheral,NAWL,0,0,
permanent,NGSL,0,0,
permission,NGSL,0,0,
permit,NGSL,0,0,
person,NGSL;Spoken,0,0,
personal,NGSL,0,0,
personality,NGSL,0,0,
personally,NGSL,1,1,2025-11-09T08:55:46+00:00
personnel,NGSL,0,0,
perspective,NGSL,0,0,
persuade,NGSL,0,0,
pest,NAWL,0,0,
pesticide,NAWL,0,0,
phase,NGSL,0,0,
phenomenal,NAWL,0,0,
phenomenon,NGSL,0,0,
philosopher,NAWL,0,0,
philosophical,NAWL,0,0,
philosophy,NGSL,0,0,
phone,NGSL;Spoken,0,0,
phonological,NAWL,0,0,
phosphate,NAWL,0,0,
photo,NGSL,0,0,
photograph,NGSL,0,0,
photographic,NAWL,0,0,
phrase,NGSL,0,0,
physical,NGSL,0,0,
physically,NAWL,0,0,
physician,NAWL,0,0,
physics,NAWL,0,0,
physiological,NAWL,0,0,
pi,NAWL,0,0,
piano,NGSL,0,0,
pick,NGSL;Spoken,0,0,
picture,NGSL;Spoken,0,0,
piece,NGSL;Spoken,0,0,
pig,NGSL,0,0,
pile,NGSL,0,0,
pilot,NGSL,0,0,
pink,NGSL,0,0,
pipe,NGSL,0,0,
pitch,NGSL,0,0,
place,NGSL;Spoken,0,0,
plain,NGSL,0,0,
plan,NGSL;Spoken,0,0,
plane,NGSL,0,0,
planet,NGSL,0,0,
planner,NAWL,0,0,
plant,NGSL,0,0,
plantation,NAWL,0,0,
plastic,NGSL,0,0,
plate,NGSL,0,0,
platform,NGSL,0,0,
plausible,NAWL,0,0,
play,NGSL;Spoken,0,0,
player,NGSL,0,0,
pleasant,NGSL,0,0,
please,NGSL;Spoken,0,0,
pleasure,NGSL,0,0,
plenty,NGSL,0,0,
plot,NGSL,0,0,
plug,NAWL,0,0,
plural,NAWL,0,0,
plus,NGSL;Spoken,0,0,
pocket,NGSL,0,0,
poem,NGSL,0,0,
poet,NGSL,0,0,
poetry,NGSL,0,0,
point,NGSL;Spoken,0,0,
polar,NAWL,0,0,
pole,NAWL,0,0,
police,NGSL;Spoken,0,0,
policy,NGSL;Spoken,0,0,
political,NGSL,0,0,
politically,NAWL,0,0,
politician,NGSL,0,0,
politics,NGSL,0,0,
poll,NGSL,0,0,
pollution,NGSL,0,0,
pool,NGSL,0,0,
poor,NGSL,0,0,
pop,NGSL,0,0,
popular,NGSL,1,1,2025-11-09T08:55:46+00:00
population,NGSL,0,0,
port,NGSL,0,0,
portfolio,NAWL,0,0,
portion,NGSL,0,0,
portrait,NGSL,0,0,
portray,NAWL,0,0,
portrayal,NAWL,0,0,
pose,NGSL,0,0,
position,NGSL;Spoken,0,0,
positive,NGSL,0,0,
positively,NAWL,0,0,
possess,NGSL,0,0,
possession,NGSL,0,0,
possibility,NGSL,0,0,
possible,NGSL;Spoken,0,0,
possibly,NGSL,0,0,
post,NGSL,0,0,
poster,NAWL,0,0,
postgraduate,NAWL,0,0,
pot,NGSL,0,0,
potassium,NAWL,0,0,
potato,NGSL,0,0,
potential,NGSL,0,0,
potentially,NGSL,0,0,
pound,NGSL;Spoken,0,0,
pour,NGSL,0,0,
poverty,NGSL,0,0,
powder,NAWL,0,0,
power,NGSL;Spoken,0,0,
powerful,NGSL,0,0,
practical,NGSL,0,0,
practice,NGSL,0,0,
practitioner,NAWL,0,0,
pragmatic,NAWL,0,0,
praise,NGSL,0,0,
pray,NGSL,0,0,
pre,NAWL,0,0,
precede,NAWL,0,0,
precipitate,NAWL,0,0,
precipitation,NAWL,0,0,
precise,NGSL,0,0,
precisely,NGSL,0,0,
predator,NAWL,0,0,
predict,NGSL,0,0,
prediction,NAWL,0,0,
predominantly,NAWL,0,0,
prefer,NGSL,0,0,
preference,NGSL,0,0,
pregnancy,NGSL,0,0,
pregnant,NGSL,0,0,
prejudice,NAWL,0,0,
preliminary,NAWL,0,0,
premise,NGSL,0,0,
preparation,NGSL,0,0,
prepare,NGSL,0,0,
presence,NGSL,0,0,
present,NGSL;Spoken,0,0,
presentation,NGSL,0,0,
preserve,NGSL,0,0,
president,NGSL,2,1,2025-11-09T08:55:46+00:00
presidential,NGSL,0,0,
press,NGSL;Spoken,0,0,
pressure,NGSL,0,0,
presumably,NGSL,0,0,
presume,NAWL,0,0,
pretend,NGSL,0,0,
pretty,NGSL;Spoken,0,0,
prevalence,NAWL,0,0,
prevent,NGSL,0,0,
previous,NGSL,0,0,
previously,NGSL,0,0,
prey,NAWL,0,0,
price,NGSL;Spoken,1,1,2025-11-09T08:55:46+00:00
pride,NGSL,0,0,
primarily,NGSL,0,0,
primary,NGSL,0,0,
prime,NGSL,0,0,
primer,NAWL,0,0,
primitive,NAWL,0,0,
principal,NGSL,0,0,
principle,NGSL,0,0,
print,NGSL,0,0,
printer,NGSL,0,0,
prior,NGSL,0,0,
priority,NGSL,0,0,
prison,NGSL,0,0,
prisoner,NGSL,0,0,
private,NGSL,0,0,
privilege,NGSL,0,0,
prize,NGSL,0,0,
pro,NGSL,0,0,
probability,NGSL,0,0,
probably,NGSL;Spoken,0,0,
probe,NAWL,0,0,
problem,NGSL;Spoken,0,0,
problematic,NAWL,0,0,
procedure,NGSL,0,0,
proceed,NGSL,0,0,
process,NGSL;Spoken,0,0,
processor,NAWL,0,0,
produce,NGSL;Spoken,0,0,
producer,NGSL,0,0,
product,NGSL;Spoken,0,0,
production,NGSL,0,0,
productive,NAWL,0,0,
productivity,NAWL,0,0,
profession,NGSL,0,0,
professional,NGSL,0,0,
professor,NGSL,0,0,
profile,NGSL,0,0,
profit,NGSL,0,0,
profound,NAWL,0,0,
program,NGSL;Spoken,0,0,
progress,NGSL,0,0,
progression,NAWL,0,0,
progressive,NAWL,0,0,
project,NGSL;Spoken,0,0,
projection,NAWL,0,0,
prominent,NAWL,0,0,
promise,NGSL,0,0,
promote,NGSL,0,0,
promotion,NGSL,0,0,
prompt,NGSL,0,0,
pronounce,NAWL,0,0,
proof,NGSL,0,0,
proper,NGSL,0,0,
properly,NGSL,0,0,
property,NGSL,0,0,
proportion,NGSL,0,0,
proposal,NGSL,0,0,
propose,NGSL,0,0,
proposition,NAWL,0,0,
prospect,NGSL,0,0,
protect,NGSL,0,0,
protection,NGSL,0,0,
protein,NGSL,0,0,
protest,NGSL,0,0,
protocol,NAWL,0,0,
proton,NAWL,0,0,
proud,NGSL,0,0,
prove,NGSL,0,0,
provide,NGSL;Spoken,0,0,
province,NGSL,0,0,
provision,NGSL,0,0,
psychiatric,NAWL,0,0,
psychological,NGSL,0,0,
psychologist,NAWL,0,0,
psychology,NAWL,0,0,
pub,NGSL,0,0,
public,NGSL;Spoken,0,0,
publication,NGSL,0,0,
publish,NAWL,0,0,
publisher,NGSL,0,0,
pull,NGSL;Spoken,0,0,
pulse,NAWL,0,0,
pump,NGSL,0,0,
punch,NAWL,0,0,
punish,NAWL,0,0,
punishment,NAWL,0,0,
pupil,NGSL,0,0,
purchase,NGSL,0,0,
pure,NGSL,0,0,
purely,NAWL,0,0,
purpose,NGSL;Spoken,0,0,
pursue,NGSL,0,0,
push,NGSL;Spoken,0,0,
put,NGSL;Spoken,0,0,
puzzle,NAWL,0,0,
qualification,NGSL,0,0,
qualify,NGSL,0,0,
qualitative,NAWL,0,0,
quality,NGSL;Spoken,0,0,
quantitative,NAWL,0,0,
quantity,NGSL,0,0,
quantum,NAWL,0,0,
quarter,NGSL,0,0,
question,NGSL;Spoken,0,0,
questionnaire,NAWL,0,0,
quick,NGSL;Spoken,0,0,
quickly,NGSL,0,0,
quiet,NGSL,0,0,
quietly,NGSL,0,0,
quite,NGSL;Spoken,0,0,
quiz,NAWL,0,0,
quotation,NAWL,0,0,
quote,NGSL,0,0,
race,NGSL,0,0,
racial,NGSL,0,0,
rack,NAWL,0,0,
radar,NAWL,0,0,
radiation,NAWL,0,0,
radical,NGSL,0,0,
radio,NGSL,0,0,
radius,NAWL,0,0,
rail,NGSL,0,0,
rain,NGSL,0,0,
rainfall,NAWL,0,0,
raise,NGSL;Spoken,0,0,
random,NGSL,0,0,
randomize,NAWL,0,0,
randomly,NAWL,0,0,
range,NGSL,0,0,
rank,NGSL,0,0,
rapid,NGSL,0,0,
rapidly,NGSL,0,0,
rare,NGSL,0,0,
rarely,NGSL,0,0,
rat,NGSL,0,0,
rate,NGSL;Spoken,0,0,
rather,NGSL;Spoken,0,0,
ratio,NGSL,0,0,
rational,NAWL,0,0,
rationality,NAWL,0,0,
raw,NGSL,0,0,
ray,NAWL,0,0,
reach,NGSL,0,0,
react,NGSL,0,0,
reaction,NGSL,0,0,
reactive,NAWL,0,0,
reactor,NAWL,0,0,
read,NGSL;Spoken,0,0,
reader,NGSL,0,0,
readily,NAWL,0,0,
ready,NGSL;Spoken,0,0,
real,NGSL;Spoken,0,0,
realism,NAWL,0,0,
realistic,NAWL,0,0,
reality,NGSL,0,0,
realize,NGSL;Spoken,0,0,
really,NGSL;Spoken,0,0,
realm,NAWL,0,0,
rear,NGSL,0,0,
reason,NGSL;Spoken,0,0,
reasonable,NGSL,0,0,
reasonably,NGSL,0,0,
recall,NGSL,0,0,
receive,NGSL;Spoken,0,0,
recent,NGSL,0,0,
recently,NGSL,3,1,2025-11-09T08:55:46+00:00
receptor,NAWL,0,0,
recipe,NAWL,0,0,
reckon,NGSL,0,0,
recognition,NGSL,0,0,
recognize,NGSL,0,0,
recommend,NGSL,0,0,
recommendation,NGSL,0,0,
reconstruct,NAWL,0,0,
record,NGSL;Spoken,0,0,
recover,NGSL,0,0,
recovery,NGSL,0,0,
recruit,NGSL,0,0,
red,NGSL;Spoken,0,0,
reduce,NGSL,0,0,
reduction,NGSL,0,0,
refer,NGSL,0,0,
reference,NGSL,0,0,
references,NAWL,0,0,
reflect,NGSL,0,0,
reflection,NGSL,0,0,
reform,NGSL,0,0,
refugee,NGSL,0,0,
refuse,NGSL,0,0,
regard,NGSL,0,0,
regardless,NGSL,0,0,
regime,NAWL,0,0,
region,NGSL,0,0,
regional,NGSL,0,0,
register,NGSL,0,0,
registration,NGSL,0,0,
regression,NAWL,0,0,
regret,NGSL,0,0,
regular,NGSL,0,0,
regularly,NGSL,0,0,
regulate,NGSL,0,0,
regulation,NGSL,0,0,
rehabilitation,NAWL,0,0,
reinforce,NAWL,0,0,
reject,NGSL,0,0,
rejection,NAWL,0,0,
relate,NGSL;Spoken,0,0,
relation,NGSL,0,0,
relationship,NGSL;Spoken,0,0,
relative,NGSL,0,0,
relatively,NGSL,0,0,
relax,NGSL,0,0,
release,NGSL,0,0,
relevant,NGSL,0,0,
reliability,NAWL,0,0,
reliable,NGSL,0,0,
relief,NGSL,0,0,
religion,NGSL,0,0,
religious,NGSL,0,0,
rely,NGSL,0,0,
remain,NGSL,0,0,
remark,NGSL,0,0,
remarkable,NGSL,0,0,
remember,NGSL;Spoken,0,0,
remind,NGSL,0,0,
remote,NGSL,0,0,
remove,NGSL,0,0,
render,NAWL,0,0,
rent,NGSL,0,0,
repair,NGSL,0,0,
repeat,NGSL,0,0,
repertoire,NAWL,0,0,
replace,NGSL,0,0,
replacement,NAWL,0,0,
replicate,NAWL,0,0,
replication,NAWL,0,0,
reply,NGSL,0,0,
report,NGSL;Spoken,0,0,
reporter,NGSL,0,0,
represent,NGSL,0,0,
representation,NGSL,0,0,
representative,NGSL,0,0,
reproduce,NAWL,0,0,
reproduction,NAWL,0,0,
republic,NAWL,0,0,
reputation,NGSL,0,0,
request,NGSL,0,0,
require,NGSL;Spoken,0,0,
requirement,NGSL,0,0,
rescue,NGSL,0,0,
research,NGSL;Spoken,0,0,
researcher,NGSL,0,0,
resemble,NAWL,0,0,
reserve,NGSL,0,0,
reservoir,NAWL,0,0,
resident,NGSL,0,0,
residual,NAWL,0,0,
residue,NAWL,0,0,
resign,NGSL,0,0,
resist,NGSL,0,0,
resistance,NGSL,0,0,
resistant,NAWL,0,0,
resolution,NGSL,0,0,
resolve,NGSL,0,0,
resort,NGSL,0,0,
resource,NGSL,0,0,
respect,NGSL,0,0,
respectively,NGSL,0,0,
respiratory,NAWL,0,0,
respond,NGSL,0,0,
response,NGSL;Spoken,0,0,
responsibility,NGSL,0,0,
responsible,NGSL,0,0,
rest,NGSL;Spoken,0,0,
restaurant,NGSL,0,0,
restore,NGSL,0,0,
restrict,NGSL,0,0,
restriction,NGSL,0,0,
result,NGSL;Spoken,0,0,
retail,NGSL,0,0,
retain,NGSL,0,0,
retire,NGSL,0,0,
retirement,NGSL,0,0,
retrieve,NAWL,0,0,
return,NGSL,0,0,
reveal,NGSL,0,0,
revenue,NGSL,0,0,
reverse,NGSL,0,0,
review,NGSL;Spoken,0,0,
revise,NGSL,0,0,
revolution,NGSL,0,0,
revolutionary,NAWL,0,0,
reward,NGSL,0,0,
rewrite,NAWL,0,0,
rhetoric,NAWL,0,0,
rhythm,NAWL,0,0,
rice,NGSL,0,0,
rich,NGSL,0,0,
rid,NGSL,0,0,
ride,NGSL,0,0,
ridiculous,NAWL,0,0,
right,NGSL;Spoken,0,0,
ring,NGSL;Spoken,0,0,
rise,NGSL,0,0,
risk,NGSL,0,0,
ritual,NAWL,0,0,
rival,NGSL,0,0,
river,NGSL,0,0,
road,NGSL;Spoken,0,0,
robot,NAWL,0,0,
rock,NGSL,0,0,
role,NGSL,0,0,
roll,NGSL,0,0,
romantic,NGSL,0,0,
roof,NGSL,0,0,
room,NGSL;Spoken,0,0,
root,NGSL,0,0,
rope,NAWL,0,0,
rose,NGSL,0,0,
rotate,NAWL,0,0,
rotation,NAWL,0,0,
rough,NGSL,0,0,
roughly,NGSL,0,0,
round,NGSL;Spoken,0,0,
route,NGSL,0,0,
routine,NGSL,0,0,
row,NGSL,0,0,
royal,NGSL,0,0,
rub,NAWL,0,0,
ruin,NGSL,0,0,
rule,NGSL;Spoken,0,0,
ruler,NAWL,0,0,
run,NGSL;Spoken,0,0,
rural,NGSL,0,0,
rush,NGSL,0,0,
sad,NGSL,0,0,
safe,NGSL,0,0,
safety,NGSL,0,0,
sail,NGSL,0,0,
sake,NGSL,0,0,
salary,NGSL,0,0,
sale,NGSL;Spoken,0,0,
salt,NGSL,0,0,
same,NGSL;Spoken,1,1,2025-11-09T08:55:46+00:00
sample,NGSL,0,0,
sanction,NGSL,0,0,
sand,NGSL,0,0,
satisfaction,NGSL,0,0,
satisfy,NGSL,0,0,
save,NGSL;Spoken,0,0,
say,NGSL;Spoken,0,0,
scale,NGSL,0,0,
scan,NGSL,0,0,
scare,NGSL,0,0,
scatter,NAWL,0,0,
scenario,NAWL,0,0,
scene,NGSL,0,0,
schedule,NGSL,0,0,
scheme,NGSL,0,0,
scholar,NGSL,0,0,
scholarship,NAWL,0,0,
school,NGSL;Spoken,0,0,
science,NGSL,0,0,
scientific,NGSL,0,0,
scientist,NGSL,0,0,
scope,NGSL,0,0,
score,NGSL;Spoken,0,0,
scream,NGSL,0,0,
screen,NGSL,0,0,
scripture,NAWL,0,0,
scroll,NAWL,0,0,
sea,NGSL,0,0,
seal,NGSL,0,0,
search,NGSL,0,0,
season,NGSL,2,1,2025-11-09T08:55:46+00:00
seat,NGSL,0,0,
second,NGSL;Spoken,0,0,
secondary,NGSL,0,0,
secondly,NGSL,0,0,
secret,NGSL,0,0,
secretary,NGSL,0,0,
secrete,NAWL,0,0,
section,NGSL,0,0,
sector,NGSL,0,0,
secure,NGSL,0,0,
security,NGSL,0,0,
sediment,NAWL,0,0,
see,NGSL;Spoken,0,0,
seed,NGSL,0,0,
seek,NGSL,0,0,
seem,NGSL;Spoken,0,0,
segment,NGSL,0,0,
select,NGSL,0,0,
selection,NGSL,0,0,
selective,NAWL,0,0,
self,NGSL,0,0,
sell,NGSL;Spoken,0,0,
semantic,NAWL,0,0,
semester,NAWL,0,0,
semi,NAWL,0,0,
seminar,NAWL,0,0,
send,NGSL;Spoken,0,0,
senior,NGSL,0,0,
sensation,NAWL,0,0,
sense,NGSL;Spoken,0,0,
sensible,NAWL,0,0,
sensitive,NGSL,0,0,
sensitivity,NAWL,0,0,
sensory,NAWL,0,0,
sentence,NGSL,0,0,
separate,NGSL,0,0,
separately,NAWL,0,0,
separation,NAWL,0,0,
sequence,NGSL,0,0,
series,NGSL,0,0,
serious,NGSL,0,0,
seriously,NGSL,0,0,
servant,NGSL,0,0,
serve,NGSL,0,0,
server,NGSL,0,0,
service,NGSL;Spoken,0,0,
session,NGSL,0,0,
set,NGSL;Spoken,0,0,
settle,NGSL,0,0,
settlement,NGSL,0,0,
seven,Spoken,0,0,
seventy,Spoken,0,0,
several,NGSL;Spoken,0,0,
severe,NGSL,0,0,
sex,NGSL,0,0,
sexual,NGSL,0,0,
sexuality,NAWL,0,0,
shade,NGSL,0,0,
shadow,NGSL,0,0,
shake,NGSL,0,0,
shall,NGSL;Spoken,0,0,
shallow,NAWL,0,0,
shape,NGSL,0,0,
share,NGSL;Spoken,1,1,2025-11-09T08:55:46+00:00
shareholder,NGSL,0,0,
sharp,NGSL,0,0,
she,NGSL;Spoken,0,0,
sheep,NGSL,0,0,
sheet,NGSL,0,0,
shelf,NGSL,0,0,
shell,NGSL,0,0,
shelter,NGSL,0,0,
shift,NGSL,0,0,
shine,NGSL,0,0,
ship,NGSL,0,0,
shirt,NGSL,0,0,
shock,NGSL,0,0,
shoe,NGSL,0,0,
shoot,NGSL,0,0,
shop,NGSL;Spoken,0,0,
shore,NGSL,0,0,
short,NGSL;Spoken,0,0,
shortly,NAWL,0,0,
shot,NGSL,0,0,
should,NGSL;Spoken,0,0,
shoulder,NGSL,0,0,
shout,NGSL,0,0,
show,NGSL;Spoken,0,0,
shower,NGSL,0,0,
shut,NGSL,0,0,
shuttle,NAWL,0,0,
sick,NGSL,0,0,
side,NGSL;Spoken,0,0,
sigh,NGSL,0,0,
sight,NGSL,0,0,
sign,NGSL;Spoken,0,0,
signal,NGSL,0,0,
significance,NGSL,0,0,
significant,NGSL,0,0,
significantly,NGSL,0,0,
silence,NGSL,0,0,
silent,NGSL,0,0,
silly,NGSL,0,0,
silver,NGSL,0,0,
similar,NGSL,0,0,
similarity,NAWL,0,0,
similarly,NGSL,0,0,
simple,NGSL,0,0,
simplify,NAWL,0,0,
simply,NGSL,1,1,2025-11-09T08:55:46+00:00
simulate,NAWL,0,0,
simulation,NAWL,0,0,
simultaneously,NAWL,0,0,
sin,NAWL,0,0,
since,NGSL;Spoken,0,0,
sing,NGSL;Spoken,0,0,
singer,NGSL,0,0,
single,NGSL;Spoken,0,0,
singular,NAWL,0,0,
sink,NGSL,0,0,
sir,NGSL,0,0,
sister,NGSL;Spoken,0,0,
sit,NGSL;Spoken,0,0,
site,NGSL;Spoken,0,0,
situate,NGSL,0,0,
situation,NGSL;Spoken,0,0,
six,Spoken,0,0,
sixty,Spoken,0,0,
size,NGSL;Spoken,0,0,
sketch,NAWL,0,0,
ski,NGSL,0,0,
skill,NGSL,0,0,
skin,NGSL,0,0,
skip,NAWL,0,0,
skirt,NGSL,0,0,
sky,NGSL,0,0,
slab,NAWL,0,0,
slash,NAWL,0,0,
slave,NGSL,0,0,
slavery,NAWL,0,0,
sleep,NGSL;Spoken,0,0,
slice,NGSL,0,0,
slide,NGSL,0,0,
slight,NGSL,0,0,
slightly,NGSL,0,0,
slip,NGSL,0,0,
slope,NGSL,0,0,
slot,NAWL,0,0,
slow,NGSL,0,0,
slowly,NGSL,0,0,
small,NGSL;Spoken,0,0,
smart,NGSL,0,0,
smell,NGSL,0,0,
smile,NGSL,0,0,
smoke,NGSL,0,0,
smooth,NGSL,0,0,
snake,NAWL,0,0,
snap,NGSL,0,0,
sneeze,NAWL,0,0,
sniff,NAWL,0,0,
snow,NGSL,0,0,
so,NGSL;Spoken,0,0,
social,NGSL,0,0,
socialize,NAWL,0,0,
socially,NAWL,0,0,
society,NGSL,0,0,
sodium,NAWL,0,0,
soft,NGSL,0,0,
software,NGSL,0,0,
soil,NGSL,0,0,
solar,NGSL,0,0,
soldier,NGSL,0,0,
solid,NGSL,0,0,
soluble,NAWL,0,0,
solute,NAWL,0,0,
solution,NGSL,0,0,
solve,NGSL,0,0,
solvent,NAWL,0,0,
some,NGSL;Spoken,3,1,2025-11-09T08:55:46+00:00
somebody,NGSL;Spoken,0,0,
somehow,NGSL,0,0,
someone,NGSL;Spoken,0,0,
something,NGSL;Spoken,0,0,
sometime,NAWL,0,0,
sometimes,NGSL;Spoken,0,0,
somewhat,NGSL,0,0,
somewhere,NGSL;Spoken,0,0,
son,NGSL,0,0,
song,NGSL,0,0,
soon,NGSL;Spoken,0,0,
sophisticate,NAWL,0,0,
sorry,NGSL;Spoken,0,0,
sort,NGSL;Spoken,0,0,
soul,NGSL,0,0,
sound,NGSL;Spoken,0,0,
source,NGSL,0,0,
south,NGSL,0,0,
southern,NGSL,0,0,
space,NGSL,0,0,
span,NAWL,0,0,
spare,NGSL,0,0,
spatial,NAWL,0,0,
speak,NGSL;Spoken,0,0,
speaker,NGSL,0,0,
special,NGSL;Spoken,0,0,
specialist,NGSL,0,0,
specialize,NGSL,0,0,
specialty,NAWL,0,0,
species,NGSL,0,0,
specific,NGSL;Spoken,0,0,
specifically,NGSL,0,0,
specification,NAWL,0,0,
specify,NGSL,0,0,
specimen,NAWL,0,0,
spectrum,NAWL,0,0,
speech,NGSL,0,0,
speed,NGSL,0,0,
spell,NGSL,0,0,
spend,NGSL;Spoken,0,0,
sperm,NAWL,0,0,
sphere,NAWL,0,0,
spin,NGSL,0,0,
spirit,NGSL,0,0,
splice,NAWL,0,0,
split,NGSL,0,0,
sponsor,NGSL,0,0,
sponsorship,NAWL,0,0,
spontaneous,NAWL,0,0,
sport,NGSL,0,0,
spot,NGSL,0,0,
spray,NAWL,0,0,
spread,NGSL,0,0,
spring,NGSL,0,0,
square,NGSL,0,0,
stability,NGSL,0,0,
stabilize,NAWL,0,0,
stable,NGSL,0,0,
stack,NAWL,0,0,
stadium,NAWL,0,0,
staff,NGSL;Spoken,0,0,
stage,NGSL;Spoken,0,0,
stain,NGSL,0,0,
stair,NGSL,0,0,
stake,NGSL,0,0,
stamp,NGSL,0,0,
stance,NAWL,0,0,
stand,NGSL;Spoken,0,0,
standard,NGSL;Spoken,0,0,
standardize,NAWL,0,0,
star,NGSL,0,0,
stare,NGSL,0,0,
start,NGSL;Spoken,0,0,
state,NGSL;Spoken,0,0,
statement,NGSL;Spoken,0,0,
static,NAWL,0,0,
station,NGSL,0,0,
statistic,NGSL,0,0,
statistical,NAWL,0,0,
statistically,NAWL,0,0,
statistics,NAWL,0,0,
status,NGSL,0,0,
stay,NGSL;Spoken,0,0,
steady,NGSL,0,0,
steal,NGSL,0,0,
steel,NGSL,0,0,
stem,NGSL,0,0,
step,NGSL;Spoken,0,0,
stereotype,NAWL,0,0,
stick,NGSL;Spoken,0,0,
still,NGSL;Spoken,0,0,
stimulate,NGSL,0,0,
stimulus,NAWL,0,0,
stir,NGSL,0,0,
stock,NGSL,0,0,
stomach,NGSL,0,0,
stone,NGSL,0,0,
stop,NGSL;Spoken,0,0,
storage,NGSL,0,0,
store,NGSL,0,0,
storm,NGSL,0,0,
story,NGSL;Spoken,0,0,
straight,NGSL;Spoken,0,0,
straightforward,NAWL,0,0,
strain,NGSL,0,0,
strand,NAWL,0,0,
strange,NGSL,0,0,
stranger,NGSL,0,0,
strategic,NAWL,0,0,
strategy,NGSL,0,0,
stream,NGSL,0,0,
street,NGSL;Spoken,0,0,
strength,NGSL,0,0,
strengthen,NGSL,0,0,
stress,NGSL,0,0,
stretch,NGSL,0,0,
strict,NGSL,0,0,
strictly,NAWL,0,0,
strike,NGSL,0,0,
string,NGSL,0,0,
strip,NGSL,0,0,
stripe,NAWL,0,0,
stroke,NGSL,0,0,
strong,NGSL;Spoken,1,1,2025-11-09T08:55:46+00:00
strongly,NGSL,0,0,
structural,NGSL,0,0,
structure,NGSL,0,0,
struggle,NGSL,0,0,
student,NGSL;Spoken,0,0,
studio,NGSL,0,0,
study,NGSL;Spoken,0,0,
stuff,NGSL;Spoken,0,0,
stupid,NGSL,0,0,
style,NGSL,0,0,
sub,NAWL,0,0,
subject,NGSL;Spoken,0,0,
subjective,NAWL,0,0,
submit,NGSL,0,0,
subsequent,NGSL,0,0,
subsequently,NGSL,0,0,
subset,NAWL,0,0,
substance,NGSL,0,0,
substantial,NGSL,0,0,
substitute,NGSL,0,0,
substitution,NAWL,0,0,
substrate,NAWL,0,0,
subtle,NAWL,0,0,
subtract,NAWL,0,0,
succeed,NGSL,0,0,
success,NGSL,0,0,
successful,NGSL,0,0,
successfully,NGSL,0,0,
such,NGSL;Spoken,0,0,
sudden,NGSL,0,0,
suddenly,NGSL,0,0,
suffer,NGSL,0,0,
sufficient,NGSL,0,0,
sufficiently,NAWL,0,0,
sugar,NGSL,0,0,
suggest,NGSL;Spoken,0,0,
suggestion,NGSL,0,0,
suicide,NAWL,0,0,
suit,NGSL,0,0,
suitable,NGSL,0,0,
sum,NGSL,0,0,
summarize,NGSL,0,0,
summary,NGSL,1,1,2025-11-09T08:55:46+00:00
summer,NGSL;Spoken,0,0,
sun,NGSL,0,0,
super,NAWL,0,0,
superior,NAWL,0,0,
supplement,NGSL,0,0,
supplier,NGSL,0,0,
supply,NGSL,0,0,
support,NGSL;Spoken,0,0,
supporter,NGSL,0,0,
suppose,NGSL;Spoken,0,0,
supposedly,NAWL,0,0,
sure,NGSL;Spoken,0,0,
surely,NGSL,0,0,
surface,NGSL,0,0,
surgeon,NAWL,0,0,
surgery,NGSL,0,0,
surgical,NAWL,0,0,
surplus,NAWL,0,0,
surprise,NGSL;Spoken,0,0,
surprisingly,NGSL,0,0,
surround,NGSL,0,0,
survey,NGSL,0,0,
survival,NGSL,0,0,
survive,NGSL,0,0,
susceptible,NAWL,0,0,
suspect,NGSL,0,0,
suspend,NGSL,0,0,
sustain,NGSL,0,0,
sustainable,NAWL,0,0,
swap,NAWL,0,0,
swear,NGSL,0,0,
sweep,NGSL,0,0,
sweet,NGSL,0,0,
swell,NAWL,0,0,
swim,NGSL,0,0,
swing,NGSL,0,0,
switch,NGSL,0,0,
sword,NAWL,0,0,
syllable,NAWL,0,0,
syllabus,NAWL,0,0,
symbol,NGSL,0,0,
symbolic,NAWL,0,0,
symptom,NGSL,0,0,
syndrome,NAWL,0,0,
syntactic,NAWL,0,0,
syntax,NAWL,0,0,
synthesis,NAWL,0,0,
synthetic,NAWL,0,0,
system,NGSL;Spoken,0,0,
systematic,NAWL,0,0,
table,NGSL;Spoken,0,0,
tackle,NGSL,0,0,
tail,NGSL,0,0,
take,NGSL;Spoken,0,0,
tale,NGSL,0,0,
talent,NGSL,0,0,
talk,NGSL;Spoken,1,1,2025-11-09T08:55:46+00:00
tall,NGSL,0,0,
tank,NGSL,0,0,
tap,NGSL,0,0,
tape,NGSL;Spoken,0,0,
target,NGSL,0,0,
task,NGSL,0,0,
taste,NGSL,0,0,
tax,NGSL;Spoken,0,0,
taxi,NGSL,0,0,
tea,NGSL;Spoken,0,0,
teach,NGSL;Spoken,0,0,
teacher,NGSL;Spoken,0,0,
team,NGSL;Spoken,0,0,
tear,NGSL,0,0,
tech,NAWL,0,0,
technical,NGSL,0,0,
technically,NAWL,0,0,
technique,NGSL,0,0,
technology,NGSL,0,0,
teenager,NGSL,0,0,
telephone,NGSL,0,0,
television,NGSL,0,0,
tell,NGSL;Spoken,0,0,
temperature,NGSL,0,0,
temporal,NAWL,0,0,
temporary,NGSL,0,0,
tempt,NAWL,0,0,
ten,Spoken,0,0,
tend,NGSL;Spoken,0,0,
tendency,NGSL,0,0,
tender,NGSL,0,0,
tennis,NGSL,0,0,
tense,NAWL,0,0,
tension,NGSL,0,0,
tent,NGSL,0,0,
term,NGSL;Spoken,0,0,
terminal,NAWL,0,0,
terminology,NAWL,0,0,
terrible,NGSL,0,0,
terribly,NAWL,0,0,
territory,NGSL,0,0,
terrorist,NGSL,0,0,
test,NGSL;Spoken,0,0,
text,NGSL;Spoken,0,0,
textbook,NAWL,0,0,
than,NGSL;Spoken,0,0,
thank,NGSL;Spoken,0,0,
that,NGSL;Spoken,0,0,
the,NGSL;Spoken,0,0,
theater,NGSL,0,0,
theme,NGSL,0,0,
themselves,NGSL;Spoken,0,0,
then,NGSL;Spoken,0,0,
theorem,NAWL,0,0,
theoretical,NGSL,0,0,
theorist,NAWL,0,0,
theory,NGSL,0,0,
therapy,NGSL,0,0,
there,NGSL;Spoken,0,0,
thereby,NAWL,0,0,
therefore,NGSL;Spoken,0,0,
thermal,NAWL,0,0,
thesis,NAWL,0,0,
they,NGSL;Spoken,0,0,
thick,NGSL,0,0,
thickness,NAWL,0,0,
thin,NGSL,0,0,
thing,NGSL;Spoken,0,0,
think,NGSL;Spoken,0,0,
thirst,NGSL,0,0,
thirty,Spoken,0,0,
this,NGSL;Spoken,0,0,
though,NGSL;Spoken,0,0,
thousand,Spoken,0,0,
thread,NAWL,0,0,
threat,NGSL,0,0,
threaten,NGSL,0,0,
three,Spoken,0,0,
threshold,NAWL,0,0,
throat,NGSL,0,0,
through,NGSL;Spoken,0,0,
throughout,NGSL,0,0,
throw,NGSL;Spoken,0,0,
thumb,NAWL,0,0,
thus,NGSL,0,0,
ticket,NGSL,0,0,
tie,NGSL,0,0,
tight,NGSL,0,0,
till,NGSL;Spoken,0,0,
time,NGSL;Spoken,2,1,2025-11-09T08:55:46+00:00
tiny,NGSL,0,0,
tip,NGSL,0,0,
tire,NGSL,0,0,
tissue,NGSL,0,0,
title,NGSL,0,0,
to,NGSL;Spoken,0,0,
today,NGSL;Spoken,1,1,2025-11-09T08:55:46+00:00
together,NGSL;Spoken,0,0,
tolerance,NAWL,0,0,
tomorrow,NGSL;Spoken,0,0,
ton,NAWL,0,0,
tone,NGSL,0,0,
tongue,NGSL,0,0,
tonight,NGSL;Spoken,0,0,
too,NGSL;Spoken,0,0,
tool,NGSL,0,0,
tooth,NGSL,0,0,
top,NGSL;Spoken,1,1,2025-11-09T08:55:46+00:00
topic,NGSL,0,0,
total,NGSL,1,1,2025-11-09T08:55:46+00:00
totally,NGSL;Spoken,0,0,
touch,NGSL,0,0,
tough,NGSL,0,0,
tour,NGSL,0,0,
tourism,NGSL,0,0,
tourist,NGSL,0,0,
tournament,NGSL,0,0,
toward,NGSL;Spoken,0,0,
tower,NGSL,0,0,
town,NGSL;Spoken,0,0,
toxic,NAWL,0,0,
toy,NGSL,0,0,
trace,NGSL,0,0,
track,NGSL,0,0,
tract,NAWL,0,0,
trade,NGSL;Spoken,0,0,
tradition,NGSL,0,0,
traditional,NGSL,0,0,
traditionally,NAWL,0,0,
traffic,NGSL,0,0,
trail,NGSL,0,0,
train,NGSL;Spoken,0,0,
trait,NAWL,0,0,
trajectory,NAWL,0,0,
trans,NAWL,0,0,
transaction,NAWL,0,0,
transcribe,NAWL,0,0,
transcription,NAWL,0,0,
transfer,NGSL,0,0,
transform,NGSL,0,0,
transformation,NAWL,0,0,
transition,NGSL,0,0,
translate,NGSL,0,0,
translation,NAWL,0,0,
transmission,NAWL,0,0,
transmit,NAWL,0,0,
transparency,NAWL,0,0,
transplant,NAWL,0,0,
transport,NGSL,0,0,
transportation,NGSL,0,0,
trap,NGSL,0,0,
trauma,NAWL,0,0,
travel,NGSL;Spoken,0,0,
treat,NGSL,0,0,
treatment,NGSL,0,0,
treaty,NAWL,0,0,
tree,NGSL,0,0,
tremendous,NAWL,0,0,
trend,NGSL,0,0,
trial,NGSL,0,0,
triangle,NAWL,0,0,
tribe,NAWL,0,0,
trick,NGSL,0,0,
tricky,NAWL,0,0,
trigger,NGSL,0,0,
trip,NGSL,0,0,
trivial,NAWL,0,0,
troop,NGSL,0,0,
tropical,NAWL,0,0,
trouble,NGSL;Spoken,0,0,
truck,NGSL,0,0,
true,NGSL;Spoken,0,0,
truly,NGSL,0,0,
trust,NGSL,0,0,
truth,NGSL,0,0,
try,NGSL;Spoken,0,0,
tube,NGSL,0,0,
tumor,NAWL,0,0,
tune,NGSL,0,0,
turbulent,NAWL,0,0,
turn,NGSL;Spoken,0,0,
tutor,NAWL,0,0,
twelve,Spoken,0,0,
twenty,Spoken,0,0,
twice,NGSL,0,0,
twin,NGSL,0,0,
twist,NGSL,0,0,
two,Spoken,0,0,
type,NGSL;Spoken,0,0,
typical,NGSL,0,0,
typically,NGSL,0,0,
ugly,NGSL,0,0,
ultimate,NAWL,0,0,
ultimately,NGSL,0,0,
unable,NGSL,0,0,
uncertainty,NGSL,0,0,
uncle,NGSL,0,0,
unclear,NGSL;Spoken,0,0,
under,NGSL;Spoken,0,0,
undergo,NGSL,0,0,
undergraduate,NAWL,0,0,
underlie,NGSL,0,0,
undermine,NAWL,0,0,
underneath,NAWL,0,0,
understand,NGSL;Spoken,0,0,
undertake,NGSL,0,0,
unemployed,NAWL,0,0,
unemployment,NGSL,0,0,
unfortunately,NGSL,0,0,
uniform,NGSL,0,0,
unify,NAWL,0,0,
unintelligible,NAWL,0,0,
union,NGSL,0,0,
unique,NGSL,0,0,
unit,NGSL,0,0,
unite,NGSL,0,0,
unity,NAWL,0,0,
universal,NGSL,0,0,
universe,NGSL,0,0,
university,NGSL,0,0,
unknown,NGSL,0,0,
unless,NGSL;Spoken,0,0,
unlike,NGSL,0,0,
unlikely,NGSL,0,0,
unstable,NAWL,0,0,
until,NGSL;Spoken,0,0,
unusual,NGSL,0,0,
up,NGSL;Spoken,0,0,
update,NGSL,0,0,
uplift,NAWL,0,0,
upon,NGSL,0,0,
upper,NGSL,0,0,
upset,NGSL,0,0,
upward,NAWL,0,0,
urban,NGSL,0,0,
urge,NGSL,0,0,
urine,NAWL,0,0,
usage,NAWL,0,0,
use,NGSL;Spoken,0,0,
useful,NGSL,0,0,
user,NGSL,0,0,
usual,NGSL,0,0,
usually,NGSL;Spoken,0,0,
utility,NAWL,0,0,
utilize,NAWL,0,0,
utterance,NAWL,0,0,
vague,NAWL,0,0,
valid,NAWL,0,0,
validity,NAWL,0,0,
valley,NGSL,0,0,
valuable,NGSL,0,0,
value,NGSL;Spoken,1,1,2025-11-09T08:55:46+00:00
valve,NAWL,0,0,
van,NGSL,0,0,
variability,NAWL,0,0,
variable,NGSL,0,0,
variance,NAWL,0,0,
variant,NAWL,0,0,
variation,NGSL,0,0,
variety,NGSL,0,0,
various,NGSL;Spoken,0,0,
vary,NGSL,0,0,
vast,NGSL,0,0,
vector,NAWL,0,0,
vegetable,NGSL,0,0,
vegetation,NAWL,0,0,
vehicle,NGSL,0,0,
vein,NAWL,0,0,
velocity,NAWL,0,0,
venture,NGSL,0,0,
verb,NGSL,0,0,
verbal,NAWL,0,0,
version,NGSL,0,0,
versus,NGSL,0,0,
vertical,NAWL,0,0,
very,NGSL;Spoken,3,1,2025-11-09T08:55:46+00:00
vessel,NGSL,0,0,
veteran,NGSL,0,0,
via,NGSL,0,0,
viable,NAWL,0,0,
vice,NGSL,0,0,
victim,NGSL,0,0,
victory,NGSL,0,0,
video,NGSL,0,0,
view,NGSL;Spoken,0,0,
village,NGSL,0,0,
violence,NGSL,0,0,
violent,NGSL,0,0,
virtually,NGSL,0,0,
virtue,NAWL,0,0,
virus,NGSL,0,0,
visible,NGSL,0,0,
vision,NGSL,0,0,
visit,NGSL;Spoken,0,0,
visitor,NGSL,0,0,
visual,NGSL,0,0,
vital,NGSL,0,0,
vitamin,NAWL,0,0,
vocabulary,NAWL,0,0,
voice,NGSL,0,0,
volition,NAWL,0,0,
volume,NGSL,0,0,
voluntary,NGSL,0,0,
volunteer,NGSL,0,0,
vote,NGSL;Spoken,0,0,
voter,NGSL,0,0,
vowel,NAWL,0,0,
wage,NGSL,0,0,
wait,NGSL;Spoken,0,0,
wake,NGSL,0,0,
walk,NGSL;Spoken,0,0,
wall,NGSL,0,0,
wander,NGSL,0,0,
want,NGSL;Spoken,0,0,
war,NGSL;Spoken,0,0,
warm,NGSL,0,0,
warn,NGSL,0,0,
wash,NGSL,0,0,
waste,NGSL,0,0,
watch,NGSL;Spoken,0,0,
water,NGSL;Spoken,0,0,
watershed,NAWL,0,0,
wave,NGSL,0,0,
wavelength,NAWL,0,0,
way,NGSL;Spoken,0,0,
we,NGSL;Spoken,0,0,
weak,NGSL,1,1,2025-11-09T08:55:46+00:00
weakness,NGSL,0,0,
wealth,NGSL,0,0,
wealthy,NGSL,0,0,
weapon,NGSL,0,0,
wear,NGSL;Spoken,0,0,
weather,NGSL,0,0,
weave,NAWL,0,0,
web,NGSL,0,0,
website,NGSL,0,0,
wed,NGSL,0,0,
week,NGSL;Spoken,0,0,
weekend,NGSL;Spoken,0,0,
weekly,NGSL,0,0,
weigh,NGSL,0,0,
weight,NGSL,0,0,
weird,NGSL,0,0,
welcome,NGSL,0,0,
welfare,NGSL,0,0,
well,NGSL;Spoken,1,1,2025-11-09T08:55:46+00:00
west,NGSL,0,0,
western,NGSL,0,0,
wet,NGSL,0,0,
what,NGSL;Spoken,0,0,
whatever,NGSL;Spoken,0,0,
wheat,NAWL,0,0,
wheel,NGSL,0,0,
when,NGSL;Spoken,0,0,
whenever,NGSL,0,0,
where,NGSL;Spoken,0,0,
whereas,NGSL,0,0,
whereby,NAWL,0,0,
wherever,NGSL,0,0,
whether,NGSL;Spoken,0,0,
which,NGSL;Spoken,0,0,
whichever,NAWL,0,0,
while,NGSL;Spoken,0,0,
whilst,NGSL,0,0,
whisper,NGSL,0,0,
white,NGSL;Spoken,0,0,
who,NGSL;Spoken,0,0,
whoever,NAWL,0,0,
whole,NGSL;Spoken,0,0,
why,NGSL;Spoken,0,0,
wide,NGSL,0,0,
widely,NGSL,0,0,
widespread,NAWL,0,0,
wife,NGSL;Spoken,0,0,
wild,NGSL,0,0,
will,NGSL;Spoken,0,0,
win,NGSL;Spoken,0,0,
wind,NGSL,0,0,
window,NGSL;Spoken,0,0,
wine,NGSL,0,0,
wing,NGSL,0,0,
winner,NGSL,0,0,
winter,NGSL,0,0,
wipe,NGSL,0,0,
wire,NGSL,0,0,
wisdom,NAWL,0,0,
wise,NGSL,0,0,
wish,NGSL;Spoken,0,0,
with,NGSL;Spoken,0,0,
withdraw,NGSL,0,0,
within,NGSL;Spoken,0,0,
without,NGSL;Spoken,0,0,
witness,NGSL,0,0,
woman,NGSL;Spoken,0,0,
wonder,NGSL;Spoken,0,0,
wonderful,NGSL;Spoken,0,0,
wood,NGSL,0,0,
wooden,NGSL,0,0,
word,NGSL;Spoken,0,0,
work,NGSL;Spoken,0,0,
worker,NGSL,0,0,
workshop,NAWL,0,0,
world,NGSL;Spoken,1,1,2025-11-09T08:55:46+00:00
worry,NGSL;Spoken,0,0,
worth,NGSL;Spoken,1,1,2025-11-09T08:55:46+00:00
would,NGSL;Spoken,0,0,
wound,NGSL,0,0,
wrap,NGSL,0,0,
write,NGSL;Spoken,0,0,
writer,NGSL,0,0,
wrong,NGSL;Spoken,0,0,
yard,NGSL,0,0,
yeah,NGSL;Spoken,0,0,
year,NGSL;Spoken,0,0,
yeast,NAWL,0,0,
yellow,NGSL,0,0,
yes,NGSL;Spoken,0,0,
yesterday,NGSL;Spoken,0,0,
yet,NGSL;Spoken,0,0,
yield,NGSL,0,0,
you,NGSL;Spoken,0,0,
young,NGSL;Spoken,0,0,
yourself,NGSL;Spoken,0,0,
youth,NGSL,0,0,
zone,NGSL,0,0,
